image,actual_label,crack_score,predicted_label
/content/drive/MyDrive/bottlecrackml/train/good/0030c593-bottle_20260921_013454_cam1_roi.png,0,0.055,0
/content/drive/MyDrive/bottlecrackml/train/good/016dd672-bottle_20260921_012643_cam2_roi.png,0,0.035,0
/content/drive/MyDrive/bottlecrackml/train/good/01f443e1-bottle_20260921_005900_cam1_roi.png,0,0.025,0
/content/drive/MyDrive/bottlecrackml/train/good/02186ec0-bottle_20260921_012839_cam2_roi.png,0,0.02,0
/content/drive/MyDrive/bottlecrackml/train/good/022da9ab-bottle_20260921_012602_cam1_roi.png,0,0.035,0
/content/drive/MyDrive/bottlecrackml/train/good/028e3c11-bottle_20260921_010444_cam2_roi.png,0,0.0,0
/content/drive/MyDrive/bottlecrackml/train/good/05738977-bottle_20260921_010631_cam1_roi.png,0,0.035,0
/content/drive/MyDrive/bottlecrackml/train/good/05ef4b16-bottle_20260921_011842_cam1_roi.png,0,0.09,0
/content/drive/MyDrive/bottlecrackml/train/good/07a8e53a-bottle_20260921_005231_cam1_roi.png,0,0.045,0
/content/drive/MyDrive/bottlecrackml/train/good/082f6ce8-bottle_20260921_012429_cam2_roi.png,0,0.04,0
/content/drive/MyDrive/bottlecrackml/train/good/0922c3b7-bottle_20260921_013401_cam2_roi.png,0,0.035,0
/content/drive/MyDrive/bottlecrackml/train/good/09b79550-bottle_20260921_005126_cam2_roi.png,0,0.06,0
/content/drive/MyDrive/bottlecrackml/train/good/0a927db4-bottle_20260921_012258_cam2_roi.png,0,0.045,0
/content/drive/MyDrive/bottlecrackml/train/good/0ceed8bf-bottle_20260921_012643_cam1_roi.png,0,0.05,0
/content/drive/MyDrive/bottlecrackml/train/good/0d67cf41-bottle_20260921_010141_cam2_roi.png,0,0.03,0
/content/drive/MyDrive/bottlecrackml/train/good/0e573a55-bottle_20260921_011105_cam2_roi.png,0,0.01,0
/content/drive/MyDrive/bottlecrackml/train/good/10a07ac5-bottle_20260921_005850_cam1_roi.png,0,0.02,0
/content/drive/MyDrive/bottlecrackml/train/good/10a3e06e-bottle_20260921_010541_cam2_roi.png,0,0.05,0
/content/drive/MyDrive/bottlecrackml/train/good/10c7738d-bottle_20260921_011705_cam2_roi.png,0,0.04,0
/content/drive/MyDrive/bottlecrackml/train/good/112918be-bottle_20260921_010415_cam2_roi.png,0,0.015,0
/content/drive/MyDrive/bottlecrackml/train/good/1197d3a9-bottle_20260921_012239_cam1_roi.png,0,0.03,0
/content/drive/MyDrive/bottlecrackml/train/good/11f0aba8-bottle_20260921_010045_cam2_roi.png,0,0.01,0
/content/drive/MyDrive/bottlecrackml/train/good/13d712b0-bottle_20260921_011215_cam2_roi.png,0,0.04,0
/content/drive/MyDrive/bottlecrackml/train/good/14ac33b0-bottle_20260921_013224_cam2_roi.png,0,0.01,0
/content/drive/MyDrive/bottlecrackml/train/good/1502e353-bottle_20260921_012554_cam1_roi.png,0,0.045,0
/content/drive/MyDrive/bottlecrackml/train/good/15105388-bottle_20260921_010109_cam2_roi.png,0,0.03,0
/content/drive/MyDrive/bottlecrackml/train/good/157021cf-bottle_20260921_012423_cam2_roi.png,0,0.03,0
/content/drive/MyDrive/bottlecrackml/train/good/171cd043-bottle_20260921_010012_cam2_roi.png,0,0.035,0
/content/drive/MyDrive/bottlecrackml/train/good/1742093a-bottle_20260921_012239_cam2_roi.png,0,0.01,0
/content/drive/MyDrive/bottlecrackml/train/good/179b0591-bottle_20260921_012154_cam2_roi.png,0,0.05,0
/content/drive/MyDrive/bottlecrackml/train/good/17d08893-bottle_20260921_012026_cam2_roi.png,0,0.045,0
/content/drive/MyDrive/bottlecrackml/train/good/18f05a48-bottle_20260921_010045_cam1_roi.png,0,0.065,0
/content/drive/MyDrive/bottlecrackml/train/good/1a242114-bottle_20260921_012711_cam1_roi.png,0,0.02,0
/content/drive/MyDrive/bottlecrackml/train/good/1a85c5ef-bottle_20260921_012320_cam2_roi.png,0,0.055,0
/content/drive/MyDrive/bottlecrackml/train/good/1af04f27-bottle_20260921_012809_cam1_roi.png,0,0.01,0
/content/drive/MyDrive/bottlecrackml/train/good/1b4599c4-bottle_20260921_012251_cam2_roi.png,0,0.025,0
/content/drive/MyDrive/bottlecrackml/train/good/1b641525-bottle_20260921_011907_cam2_roi.png,0,0.015,0
/content/drive/MyDrive/bottlecrackml/train/good/1c3065f7-bottle_20260921_005207_cam1_roi.png,0,0.02,0
/content/drive/MyDrive/bottlecrackml/train/good/1c499bff-bottle_20260921_010956_cam1_roi.png,0,0.075,0
/content/drive/MyDrive/bottlecrackml/train/good/1c5ce818-bottle_20260921_010004_cam2_roi.png,0,0.04,0
/content/drive/MyDrive/bottlecrackml/train/good/1dcac1e1-bottle_20260921_010023_cam2_roi.png,0,0.105,0
/content/drive/MyDrive/bottlecrackml/train/good/1e278029-bottle_20260921_012554_cam2_roi.png,0,0.075,0
/content/drive/MyDrive/bottlecrackml/train/good/1f952b67-bottle_20260921_005900_cam2_roi.png,0,0.06,0
/content/drive/MyDrive/bottlecrackml/train/good/1fd1516c-bottle_20260921_012314_cam1_roi.png,0,0.04,0
/content/drive/MyDrive/bottlecrackml/train/good/20d83943-bottle_20260921_010033_cam2_roi.png,0,0.035,0
/content/drive/MyDrive/bottlecrackml/train/good/210976e0-bottle_20260921_010438_cam1_roi.png,0,0.02,0
/content/drive/MyDrive/bottlecrackml/train/good/212752f3-bottle_20260921_011651_cam2_roi.png,0,0.025,0
/content/drive/MyDrive/bottlecrackml/train/good/21d369b5-bottle_20260921_012435_cam1_roi.png,0,0.005,0
/content/drive/MyDrive/bottlecrackml/train/good/21e4263c-bottle_20260921_013249_cam1_roi.png,0,0.08,0
/content/drive/MyDrive/bottlecrackml/train/good/21e7de83-bottle_20260921_011232_cam1_roi.png,0,0.055,0
/content/drive/MyDrive/bottlecrackml/train/good/225c91c8-bottle_20260921_011943_cam1_roi.png,0,0.05,0
/content/drive/MyDrive/bottlecrackml/train/good/23f5e81f-bottle_20260921_013118_cam2_roi.png,0,0.065,0
/content/drive/MyDrive/bottlecrackml/train/good/24e5e2ca-bottle_20260921_012325_cam1_roi.png,0,0.04,0
/content/drive/MyDrive/bottlecrackml/train/good/24f6552e-bottle_20260921_005238_cam2_roi.png,0,0.045,0
/content/drive/MyDrive/bottlecrackml/train/good/250d9688-bottle_20260921_010639_cam2_roi.png,0,0.065,0
/content/drive/MyDrive/bottlecrackml/train/good/2529d1fa-bottle_20260921_011351_cam1_roi.png,0,0.03,0
/content/drive/MyDrive/bottlecrackml/train/good/25b7529f-bottle_20260921_012357_cam2_roi.png,0,0.05,0
/content/drive/MyDrive/bottlecrackml/train/good/2623329b-bottle_20260921_012801_cam1_roi.png,0,0.02,0
/content/drive/MyDrive/bottlecrackml/train/good/26f542d4-bottle_20260921_012019_cam2_roi.png,0,0.075,0
/content/drive/MyDrive/bottlecrackml/train/good/282251fa-bottle_20260921_012820_cam1_roi.png,0,0.015,0
/content/drive/MyDrive/bottlecrackml/train/good/28997861-bottle_20260921_011411_cam1_roi.png,0,0.04,0
/content/drive/MyDrive/bottlecrackml/train/good/28a0a209-bottle_20260921_012423_cam1_roi.png,0,0.06,0
/content/drive/MyDrive/bottlecrackml/train/good/28eea355-bottle_20260921_013344_cam2_roi.png,0,0.02,0
/content/drive/MyDrive/bottlecrackml/train/good/299a6dab-bottle_20260921_011411_cam2_roi.png,0,0.01,0
/content/drive/MyDrive/bottlecrackml/train/good/29eae985-bottle_20260921_012835_cam1_roi.png,0,0.03,0
/content/drive/MyDrive/bottlecrackml/train/good/2b69f44b-bottle_20260921_010000_cam2_roi.png,0,0.015,0
/content/drive/MyDrive/bottlecrackml/train/good/2b769457-bottle_20260921_012154_cam1_roi.png,0,0.025,0
/content/drive/MyDrive/bottlecrackml/train/good/2b78e848-bottle_20260921_010525_cam2_roi.png,0,0.01,0
/content/drive/MyDrive/bottlecrackml/train/good/2b895e51-bottle_20260921_005304_cam2_roi.png,0,0.025,0
/content/drive/MyDrive/bottlecrackml/train/good/2c2133fa-bottle_20260921_012501_cam2_roi.png,0,0.025,0
/content/drive/MyDrive/bottlecrackml/train/good/2c80e9e4-bottle_20260921_010626_cam2_roi.png,0,0.04,0
/content/drive/MyDrive/bottlecrackml/train/good/2d27c4ae-bottle_20260921_005826_cam2_roi.png,0,0.0,0
/content/drive/MyDrive/bottlecrackml/train/good/2d30f6f5-bottle_20260921_012626_cam2_roi.png,0,0.03,0
/content/drive/MyDrive/bottlecrackml/train/good/2de13637-bottle_20260921_012839_cam1_roi.png,0,0.02,0
/content/drive/MyDrive/bottlecrackml/train/good/2e64fc1f-bottle_20260921_012653_cam2_roi.png,0,0.03,0
/content/drive/MyDrive/bottlecrackml/train/good/2f0fac5b-bottle_20260921_013401_cam1_roi.png,0,0.025,0
/content/drive/MyDrive/bottlecrackml/train/good/300a71e8-bottle_20260921_013224_cam1_roi.png,0,0.03,0
/content/drive/MyDrive/bottlecrackml/train/good/300b7f5d-bottle_20260921_011424_cam2_roi.png,0,0.01,0
/content/drive/MyDrive/bottlecrackml/train/good/3099c1c8-bottle_20260921_012726_cam2_roi.png,0,0.025,0
/content/drive/MyDrive/bottlecrackml/train/good/30cd554d-bottle_20260921_011405_cam2_roi.png,0,0.045,0
/content/drive/MyDrive/bottlecrackml/train/good/311ea717-bottle_20260921_012703_cam1_roi.png,0,0.055,0
/content/drive/MyDrive/bottlecrackml/train/good/315d47db-bottle_20260921_005257_cam2_roi.png,0,0.045,0
/content/drive/MyDrive/bottlecrackml/train/good/316a6ab6-bottle_20260921_012611_cam1_roi.png,0,0.075,0
/content/drive/MyDrive/bottlecrackml/train/good/31e402bc-bottle_20260921_010400_cam1_roi.png,0,0.005,0
/content/drive/MyDrive/bottlecrackml/train/good/324fd22a-bottle_20260921_011244_cam1_roi.png,0,0.025,0
/content/drive/MyDrive/bottlecrackml/train/good/32b5a2df-bottle_20260921_012201_cam1_roi.png,0,0.005,0
/content/drive/MyDrive/bottlecrackml/train/good/331a6a66-bottle_20260921_012740_cam1_roi.png,0,0.055,0
/content/drive/MyDrive/bottlecrackml/train/good/343e8039-bottle_20260921_013344_cam1_roi.png,0,0.05,0
/content/drive/MyDrive/bottlecrackml/train/good/34e376c0-bottle_20260921_010927_cam2_roi.png,0,0.025,0
/content/drive/MyDrive/bottlecrackml/train/good/35d03d42-bottle_20260921_012221_cam2_roi.png,0,0.025,0
/content/drive/MyDrive/bottlecrackml/train/good/35e3f653-bottle_20260921_005850_cam2_roi.png,0,0.01,0
/content/drive/MyDrive/bottlecrackml/train/good/36d636e7-bottle_20260921_005814_cam2_roi.png,0,0.035,0
/content/drive/MyDrive/bottlecrackml/train/good/36e1f414-bottle_20260921_012653_cam1_roi.png,0,0.04,0
/content/drive/MyDrive/bottlecrackml/train/good/37417905-bottle_20260921_011020_cam1_roi.png,0,0.025,0
/content/drive/MyDrive/bottlecrackml/train/good/37b3b478-bottle_20260921_011657_cam1_roi.png,0,0.03,0
/content/drive/MyDrive/bottlecrackml/train/good/380efb86-bottle_20260921_010033_cam1_roi.png,0,0.04,0
/content/drive/MyDrive/bottlecrackml/train/good/3935103c-bottle_20260921_010827_cam2_roi.png,0,0.01,0
/content/drive/MyDrive/bottlecrackml/train/good/3a9e2509-bottle_20260921_010639_cam1_roi.png,0,0.005,0
/content/drive/MyDrive/bottlecrackml/train/good/3acb2318-bottle_20260921_011232_cam2_roi.png,0,0.0,0
/content/drive/MyDrive/bottlecrackml/train/good/3adb37ea-bottle_20260921_011914_cam1_roi.png,0,0.035,0
/content/drive/MyDrive/bottlecrackml/train/good/3ba97295-bottle_20260921_013429_cam2_roi.png,0,0.025,0
/content/drive/MyDrive/bottlecrackml/train/good/3d0f6ff9-bottle_20260921_011013_cam1_roi.png,0,0.03,0
/content/drive/MyDrive/bottlecrackml/train/good/3dbbbaa4-bottle_20260921_012815_cam1_roi.png,0,0.025,0
/content/drive/MyDrive/bottlecrackml/train/good/3df6fc85-bottle_20260921_005319_cam2_roi.png,0,0.01,0
/content/drive/MyDrive/bottlecrackml/train/good/3fa3c5b2-bottle_20260921_013215_cam1_roi.png,0,0.02,0
/content/drive/MyDrive/bottlecrackml/train/good/40cda3fe-bottle_20260921_012320_cam1_roi.png,0,0.01,0
/content/drive/MyDrive/bottlecrackml/train/good/417a10c5-bottle_20260921_013231_cam1_roi.png,0,0.055,0
/content/drive/MyDrive/bottlecrackml/train/good/4413cea7-bottle_20260921_011059_cam1_roi.png,0,0.01,0
/content/drive/MyDrive/bottlecrackml/train/good/445591a0-bottle_20260921_012251_cam1_roi.png,0,0.01,0
/content/drive/MyDrive/bottlecrackml/train/good/4509f2aa-bottle_20260921_013417_cam1_roi.png,0,0.025,0
/content/drive/MyDrive/bottlecrackml/train/good/451aa978-bottle_20260921_010336_cam2_roi.png,0,0.01,0
/content/drive/MyDrive/bottlecrackml/train/good/45c95152-bottle_20260921_005741_cam2_roi.png,0,0.035,0
/content/drive/MyDrive/bottlecrackml/train/good/480e1913-bottle_20260921_014149_cam2_roi.png,0,0.075,0
/content/drive/MyDrive/bottlecrackml/train/good/49eb0400-bottle_20260921_013153_cam1_roi.png,0,0.02,0
/content/drive/MyDrive/bottlecrackml/train/good/4a52f72b-bottle_20260921_010559_cam2_roi.png,0,0.04,0
/content/drive/MyDrive/bottlecrackml/train/good/4af189d2-bottle_20260921_013205_cam2_roi.png,0,0.04,0
/content/drive/MyDrive/bottlecrackml/train/good/4bc72f44-bottle_20260921_011013_cam2_roi.png,0,0.07,0
/content/drive/MyDrive/bottlecrackml/train/good/4c02e0b2-bottle_20260921_013332_cam2_roi.png,0,0.005,0
/content/drive/MyDrive/bottlecrackml/train/good/4e08642a-bottle_20260921_010613_cam1_roi.png,0,0.06,0
/content/drive/MyDrive/bottlecrackml/train/good/4e3fb8e1-bottle_20260921_013201_cam1_roi.png,0,0.02,0
/content/drive/MyDrive/bottlecrackml/train/good/4efef9d4-bottle_20260921_012214_cam2_roi.png,0,0.01,0
/content/drive/MyDrive/bottlecrackml/train/good/50867f3b-bottle_20260921_012440_cam2_roi.png,0,0.01,0
/content/drive/MyDrive/bottlecrackml/train/good/519e60b5-bottle_20260921_011737_cam1_roi.png,0,0.01,0
/content/drive/MyDrive/bottlecrackml/train/good/51c83975-bottle_20260921_010559_cam1_roi.png,0,0.07,0
/content/drive/MyDrive/bottlecrackml/train/good/51e4cb74-bottle_20260921_011731_cam2_roi.png,0,0.015,0
/content/drive/MyDrive/bottlecrackml/train/good/5231cd01-bottle_20260921_010209_cam2_roi.png,0,0.02,0
/content/drive/MyDrive/bottlecrackml/train/good/52400f78-bottle_20260921_011731_cam1_roi.png,0,0.04,0
/content/drive/MyDrive/bottlecrackml/train/good/52666aad-bottle_20260921_010350_cam2_roi.png,0,0.02,0
/content/drive/MyDrive/bottlecrackml/train/good/531477f7-bottle_20260921_010537_cam1_roi.png,0,0.03,0
/content/drive/MyDrive/bottlecrackml/train/good/531c441d-bottle_20260921_010507_cam2_roi.png,0,0.05,0
/content/drive/MyDrive/bottlecrackml/train/good/53e774ce-bottle_20260921_012740_cam2_roi.png,0,0.03,0
/content/drive/MyDrive/bottlecrackml/train/good/54428eb9-bottle_20260921_011651_cam1_roi.png,0,0.035,0
/content/drive/MyDrive/bottlecrackml/train/good/544cdc7a-bottle_20260921_010622_cam2_roi.png,0,0.07,0
/content/drive/MyDrive/bottlecrackml/train/good/544e755f-bottle_20260921_011059_cam2_roi.png,0,0.065,0
/content/drive/MyDrive/bottlecrackml/train/good/54bca080-bottle_20260921_005820_cam1_roi.png,0,0.015,0
/content/drive/MyDrive/bottlecrackml/train/good/54e4c2bd-bottle_20260921_012012_cam1_roi.png,0,0.09,0
/content/drive/MyDrive/bottlecrackml/train/good/56b4c833-bottle_20260921_013434_cam2_roi.png,0,0.025,0
/content/drive/MyDrive/bottlecrackml/train/good/572d8732-bottle_20260921_013454_cam2_roi.png,0,0.02,0
/content/drive/MyDrive/bottlecrackml/train/good/57a24d98-bottle_20260921_013442_cam1_roi.png,0,0.025,0
/content/drive/MyDrive/bottlecrackml/train/good/57b82cd3-bottle_20260921_012638_cam2_roi.png,0,0.05,0
/content/drive/MyDrive/bottlecrackml/train/good/57c7b8da-bottle_20260921_010327_cam1_roi.png,0,0.005,0
/content/drive/MyDrive/bottlecrackml/train/good/583e3090-bottle_20260921_005728_cam1_roi.png,0,0.025,0
/content/drive/MyDrive/bottlecrackml/train/good/58f4404c-bottle_20260921_010511_cam2_roi.png,0,0.05,0
/content/drive/MyDrive/bottlecrackml/train/good/59073eeb-bottle_20260921_010608_cam2_roi.png,0,0.045,0
/content/drive/MyDrive/bottlecrackml/train/good/59a4fe52-bottle_20260921_013332_cam1_roi.png,0,0.005,0
/content/drive/MyDrive/bottlecrackml/train/good/5a784f0d-bottle_20260921_010241_cam2_roi.png,0,0.005,0
/content/drive/MyDrive/bottlecrackml/train/good/5b2decab-bottle_20260921_013210_cam1_roi.png,0,0.02,0
/content/drive/MyDrive/bottlecrackml/train/good/5bf5d800-bottle_20260921_005800_cam1_roi.png,0,0.01,0
/content/drive/MyDrive/bottlecrackml/train/good/5c74b494-bottle_20260921_012843_cam2_roi.png,0,0.04,0
/content/drive/MyDrive/bottlecrackml/train/good/5d77431a-bottle_20260921_010946_cam1_roi.png,0,0.06,0
/content/drive/MyDrive/bottlecrackml/train/good/5da012a8-bottle_20260921_012429_cam1_roi.png,0,0.08,0
/content/drive/MyDrive/bottlecrackml/train/good/5da19397-bottle_20260921_010028_cam1_roi.png,0,0.045,0
/content/drive/MyDrive/bottlecrackml/train/good/5da6125c-bottle_20260921_005834_cam1_roi.png,0,0.02,0
/content/drive/MyDrive/bottlecrackml/train/good/5de775eb-bottle_20260921_014330_cam1_roi.png,0,0.02,0
/content/drive/MyDrive/bottlecrackml/train/good/5eac2d9f-bottle_20260921_010131_cam1_roi.png,0,0.02,0
/content/drive/MyDrive/bottlecrackml/train/good/5ee5a143-bottle_20260921_010454_cam2_roi.png,0,0.015,0
/content/drive/MyDrive/bottlecrackml/train/good/5f9570a7-bottle_20260921_010415_cam1_roi.png,0,0.04,0
/content/drive/MyDrive/bottlecrackml/train/good/60473967-bottle_20260921_012731_cam1_roi.png,0,0.07,0
/content/drive/MyDrive/bottlecrackml/train/good/60b6cfea-bottle_20260921_010617_cam2_roi.png,0,0.03,0
/content/drive/MyDrive/bottlecrackml/train/good/6107cffa-bottle_20260921_004932_cam1_roi.png,0,0.01,0
/content/drive/MyDrive/bottlecrackml/train/good/61969d1e-bottle_20260921_012146_cam1_roi.png,0,0.025,0
/content/drive/MyDrive/bottlecrackml/train/good/61fa0bf0-bottle_20260921_011225_cam1_roi.png,0,0.02,0
/content/drive/MyDrive/bottlecrackml/train/good/62ed97b8-bottle_20260921_013501_cam1_roi.png,0,0.03,0
/content/drive/MyDrive/bottlecrackml/train/good/6329cb19-bottle_20260921_010117_cam2_roi.png,0,0.08,0
/content/drive/MyDrive/bottlecrackml/train/good/6383bec1-bottle_20260921_012357_cam1_roi.png,0,0.03,0
/content/drive/MyDrive/bottlecrackml/train/good/6388018a-bottle_20260921_014406_cam2_roi.png,0,0.035,0
/content/drive/MyDrive/bottlecrackml/train/good/639f6eef-bottle_20260921_012214_cam1_roi.png,0,0.02,0
/content/drive/MyDrive/bottlecrackml/train/good/6620030f-bottle_20260921_012139_cam1_roi.png,0,0.005,0
/content/drive/MyDrive/bottlecrackml/train/good/66811aaf-bottle_20260921_005251_cam2_roi.png,0,0.03,0
/content/drive/MyDrive/bottlecrackml/train/good/67c05c7d-bottle_20260921_011238_cam2_roi.png,0,0.035,0
/content/drive/MyDrive/bottlecrackml/train/good/67fb6dc1-bottle_20260921_012310_cam1_roi.png,0,0.03,0
/content/drive/MyDrive/bottlecrackml/train/good/6829a4fd-bottle_20260921_010209_cam1_roi.png,0,0.02,0
/content/drive/MyDrive/bottlecrackml/train/good/689c7788-bottle_20260921_005246_cam2_roi.png,0,0.005,0
/content/drive/MyDrive/bottlecrackml/train/good/689ff1a4-bottle_20260921_005319_cam1_roi.png,0,0.025,0
/content/drive/MyDrive/bottlecrackml/train/good/6903ed1c-bottle_20260921_011119_cam1_roi.png,0,0.06,0
/content/drive/MyDrive/bottlecrackml/train/good/6916c877-bottle_20260921_012626_cam1_roi.png,0,0.04,0
/content/drive/MyDrive/bottlecrackml/train/good/69a3e8e9-bottle_20260921_010915_cam1_roi.png,0,0.1,0
/content/drive/MyDrive/bottlecrackml/train/good/69ddc938-bottle_20260921_012201_cam2_roi.png,0,0.035,0
/content/drive/MyDrive/bottlecrackml/train/good/69f434db-bottle_20260921_010556_cam1_roi.png,0,0.02,0
/content/drive/MyDrive/bottlecrackml/train/good/6a2e1001-bottle_20260921_011026_cam1_roi.png,0,0.0,0
/content/drive/MyDrive/bottlecrackml/train/good/6a86d33b-bottle_20260921_011044_cam2_roi.png,0,0.015,0
/content/drive/MyDrive/bottlecrackml/train/good/6b8ba774-bottle_20260921_011936_cam2_roi.png,0,0.02,0
/content/drive/MyDrive/bottlecrackml/train/good/6bf1785b-bottle_20260921_011821_cam1_roi.png,0,0.015,0
/content/drive/MyDrive/bottlecrackml/train/good/6c333a80-bottle_20260921_012228_cam2_roi.png,0,0.005,0
/content/drive/MyDrive/bottlecrackml/train/good/6e40ac29-bottle_20260921_011432_cam2_roi.png,0,0.02,0
/content/drive/MyDrive/bottlecrackml/train/good/6e6ec63b-bottle_20260921_011907_cam1_roi.png,0,0.01,0
/content/drive/MyDrive/bottlecrackml/train/good/6fa9838c-bottle_20260921_010102_cam2_roi.png,0,0.01,0
/content/drive/MyDrive/bottlecrackml/train/good/6fc38b07-bottle_20260921_010028_cam2_roi.png,0,0.025,0
/content/drive/MyDrive/bottlecrackml/train/good/6fc654a7-bottle_20260921_012409_cam2_roi.png,0,0.01,0
/content/drive/MyDrive/bottlecrackml/train/good/702edb70-bottle_20260921_005841_cam2_roi.png,0,0.11,0
/content/drive/MyDrive/bottlecrackml/train/good/712e01e4-bottle_20260921_005820_cam2_roi.png,0,0.01,0
/content/drive/MyDrive/bottlecrackml/train/good/721ee9ee-bottle_20260921_012327_cam1_roi.png,0,0.01,0
/content/drive/MyDrive/bottlecrackml/train/good/7233bc3d-bottle_20260921_010051_cam2_roi.png,0,0.06,0
/content/drive/MyDrive/bottlecrackml/train/good/7247bb21-bottle_20260921_010241_cam1_roi.png,0,0.0,0
/content/drive/MyDrive/bottlecrackml/train/good/727b6832-bottle_20260921_013219_cam2_roi.png,0,0.01,0
/content/drive/MyDrive/bottlecrackml/train/good/72987556-bottle_20260921_010253_cam1_roi.png,0,0.01,0
/content/drive/MyDrive/bottlecrackml/train/good/72dd5ec0-bottle_20260921_012447_cam2_roi.png,0,0.0,0
/content/drive/MyDrive/bottlecrackml/train/good/72e9ea38-bottle_20260921_010517_cam1_roi.png,0,0.025,0
/content/drive/MyDrive/bottlecrackml/train/good/7308292c-bottle_20260921_012743_cam2_roi.png,0,0.01,0
/content/drive/MyDrive/bottlecrackml/train/good/7330baac-bottle_20260921_010051_cam1_roi.png,0,0.04,0
/content/drive/MyDrive/bottlecrackml/train/good/7693db4a-bottle_20260921_013429_cam1_roi.png,0,0.005,0
/content/drive/MyDrive/bottlecrackml/train/good/76954a09-bottle_20260921_013442_cam2_roi.png,0,0.02,0
/content/drive/MyDrive/bottlecrackml/train/good/769b2a14-bottle_20260921_010000_cam1_roi.png,0,0.025,0
/content/drive/MyDrive/bottlecrackml/train/good/77249ddd-bottle_20260921_010433_cam2_roi.png,0,0.02,0
/content/drive/MyDrive/bottlecrackml/train/good/77b01af7-bottle_20260921_012310_cam2_roi.png,0,0.035,0
/content/drive/MyDrive/bottlecrackml/train/good/77b117a8-bottle_20260921_012650_cam2_roi.png,0,0.015,0
/content/drive/MyDrive/bottlecrackml/train/good/77cc84a3-bottle_20260921_013153_cam2_roi.png,0,0.005,0
/content/drive/MyDrive/bottlecrackml/train/good/77dc4ac1-bottle_20260921_011438_cam2_roi.png,0,0.015,0
/content/drive/MyDrive/bottlecrackml/train/good/78130578-bottle_20260921_005814_cam1_roi.png,0,0.045,0
/content/drive/MyDrive/bottlecrackml/train/good/78727117-bottle_20260921_011922_cam2_roi.png,0,0.01,0
/content/drive/MyDrive/bottlecrackml/train/good/794bdee6-bottle_20260921_011744_cam2_roi.png,0,0.005,0
/content/drive/MyDrive/bottlecrackml/train/good/79d00647-bottle_20260921_013143_cam1_roi.png,0,0.015,0
/content/drive/MyDrive/bottlecrackml/train/good/79fa93b4-bottle_20260921_005748_cam2_roi.png,0,0.0,0
/content/drive/MyDrive/bottlecrackml/train/good/7a23e931-bottle_20260921_012619_cam2_roi.png,0,0.05,0
/content/drive/MyDrive/bottlecrackml/train/good/7ae9f8f4-bottle_20260921_005752_cam2_roi.png,0,0.0,0
/content/drive/MyDrive/bottlecrackml/train/good/7bbd5524-bottle_20260921_010004_cam1_roi.png,0,0.035,0
/content/drive/MyDrive/bottlecrackml/train/good/7c237697-bottle_20260921_012447_cam1_roi.png,0,0.025,0
/content/drive/MyDrive/bottlecrackml/train/good/7d15c4e5-bottle_20260921_012303_cam1_roi.png,0,0.015,0
/content/drive/MyDrive/bottlecrackml/train/good/7d68f549-bottle_20260921_005225_cam1_roi.png,0,0.015,0
/content/drive/MyDrive/bottlecrackml/train/good/7df4c139-bottle_20260921_011244_cam2_roi.png,0,0.025,0
/content/drive/MyDrive/bottlecrackml/train/good/7e1668d0-bottle_20260921_012703_cam2_roi.png,0,0.015,0
/content/drive/MyDrive/bottlecrackml/train/good/7e21fffb-bottle_20260921_013308_cam2_roi.png,0,0.035,0
/content/drive/MyDrive/bottlecrackml/train/good/7e4978ea-bottle_20260921_010827_cam1_roi.png,0,0.015,0
/content/drive/MyDrive/bottlecrackml/train/good/805f94f7-bottle_20260921_005834_cam2_roi.png,0,0.01,0
/content/drive/MyDrive/bottlecrackml/train/good/809a63f5-bottle_20260921_010907_cam2_roi.png,0,0.05,0
/content/drive/MyDrive/bottlecrackml/train/good/8119bc4f-bottle_20260921_013143_cam2_roi.png,0,0.015,0
/content/drive/MyDrive/bottlecrackml/train/good/812d82e6-bottle_20260921_011119_cam2_roi.png,0,0.015,0
/content/drive/MyDrive/bottlecrackml/train/good/81fbca88-bottle_20260921_011842_cam2_roi.png,0,0.035,0
/content/drive/MyDrive/bottlecrackml/train/good/82842d25-bottle_20260921_010343_cam2_roi.png,0,0.02,0
/content/drive/MyDrive/bottlecrackml/train/good/830922e2-bottle_20260921_012619_cam1_roi.png,0,0.02,0
/content/drive/MyDrive/bottlecrackml/train/good/839cfb81-bottle_20260921_012452_cam1_roi.png,0,0.025,0
/content/drive/MyDrive/bottlecrackml/train/good/8434dfb8-bottle_20260921_010426_cam2_roi.png,0,0.035,0
/content/drive/MyDrive/bottlecrackml/train/good/8519bb66-bottle_20260921_012713_cam2_roi.png,0,0.04,0
/content/drive/MyDrive/bottlecrackml/train/good/855b1158-bottle_20260921_005304_cam1_roi.png,0,0.005,0
/content/drive/MyDrive/bottlecrackml/train/good/860e8711-bottle_20260921_010626_cam1_roi.png,0,0.035,0
/content/drive/MyDrive/bottlecrackml/train/good/862304ca-bottle_20260921_012650_cam1_roi.png,0,0.035,0
/content/drive/MyDrive/bottlecrackml/train/good/86530362-bottle_20260921_011250_cam1_roi.png,0,0.01,0
/content/drive/MyDrive/bottlecrackml/train/good/865adb4c-bottle_20260921_005312_cam2_roi.png,0,0.025,0
/content/drive/MyDrive/bottlecrackml/train/good/869e341e-bottle_20260921_013357_cam1_roi.png,0,0.05,0
/content/drive/MyDrive/bottlecrackml/train/good/879b93e3-bottle_20260921_013231_cam2_roi.png,0,0.01,0
/content/drive/MyDrive/bottlecrackml/train/good/87b7c144-bottle_20260921_012026_cam1_roi.png,0,0.03,0
/content/drive/MyDrive/bottlecrackml/train/good/8885c120-bottle_20260921_012632_cam1_roi.png,0,0.025,0
/content/drive/MyDrive/bottlecrackml/train/good/88e121c1-bottle_20260921_005251_cam1_roi.png,0,0.01,0
/content/drive/MyDrive/bottlecrackml/train/good/89505726-bottle_20260921_005246_cam1_roi.png,0,0.01,0
/content/drive/MyDrive/bottlecrackml/train/good/897112e4-bottle_20260921_005940_cam2_roi.png,0,0.02,0
/content/drive/MyDrive/bottlecrackml/train/good/8a34e2be-bottle_20260921_011417_cam2_roi.png,0,0.025,0
/content/drive/MyDrive/bottlecrackml/train/good/8b729723-bottle_20260921_012208_cam1_roi.png,0,0.005,0
/content/drive/MyDrive/bottlecrackml/train/good/8be9bc24-bottle_20260921_010023_cam1_roi.png,0,0.055,0
/content/drive/MyDrive/bottlecrackml/train/good/8cf5195b-bottle_20260921_011705_cam1_roi.png,0,0.01,0
/content/drive/MyDrive/bottlecrackml/train/good/8d4d7b87-bottle_20260921_013210_cam2_roi.png,0,0.01,0
/content/drive/MyDrive/bottlecrackml/train/good/8dc8ce46-bottle_20260921_010012_cam1_roi.png,0,0.04,0
/content/drive/MyDrive/bottlecrackml/train/good/8f12af89-bottle_20260921_010525_cam1_roi.png,0,0.01,0
/content/drive/MyDrive/bottlecrackml/train/good/8f98cdaf-bottle_20260921_013058_cam1_roi.png,0,0.01,0
/content/drive/MyDrive/bottlecrackml/train/good/900e0057-bottle_20260921_011744_cam1_roi.png,0,0.0,0
/content/drive/MyDrive/bottlecrackml/train/good/904d24a6-bottle_20260921_012820_cam2_roi.png,0,0.13,0
/content/drive/MyDrive/bottlecrackml/train/good/90ee2ae0-bottle_20260921_005238_cam1_roi.png,0,0.015,0
/content/drive/MyDrive/bottlecrackml/train/good/90eff103-bottle_20260921_005800_cam2_roi.png,0,0.05,0
/content/drive/MyDrive/bottlecrackml/train/good/917be985-bottle_20260921_012611_cam2_roi.png,0,0.025,0
/content/drive/MyDrive/bottlecrackml/train/good/9253e04c-bottle_20260921_010622_cam1_roi.png,0,0.055,0
/content/drive/MyDrive/bottlecrackml/train/good/944a2c12-bottle_20260921_014318_cam2_roi.png,0,0.06,0
/content/drive/MyDrive/bottlecrackml/train/good/9516c5dd-bottle_20260921_012146_cam2_roi.png,0,0.02,0
/content/drive/MyDrive/bottlecrackml/train/good/95e9bfd9-bottle_20260921_010636_cam1_roi.png,0,0.035,0
/content/drive/MyDrive/bottlecrackml/train/good/96339e50-bottle_20260921_012409_cam1_roi.png,0,0.03,0
/content/drive/MyDrive/bottlecrackml/train/good/97242919-bottle_20260921_010550_cam1_roi.png,0,0.025,0
/content/drive/MyDrive/bottlecrackml/train/good/9941534b-bottle_20260921_010449_cam1_roi.png,0,0.025,0
/content/drive/MyDrive/bottlecrackml/train/good/997c7a97-bottle_20260921_013417_cam2_roi.png,0,0.04,0
/content/drive/MyDrive/bottlecrackml/train/good/99b3ddaa-bottle_20260921_010454_cam1_roi.png,0,0.0,0
/content/drive/MyDrive/bottlecrackml/train/good/9ae6f2fa-bottle_20260921_012245_cam1_roi.png,0,0.01,0
/content/drive/MyDrive/bottlecrackml/train/good/9bf0f18f-bottle_20260921_012435_cam2_roi.png,0,0.015,0
/content/drive/MyDrive/bottlecrackml/train/good/9c715a3f-bottle_20260921_010350_cam1_roi.png,0,0.005,0
/content/drive/MyDrive/bottlecrackml/train/good/9cc3c129-bottle_20260921_011258_cam2_roi.png,0,0.015,0
/content/drive/MyDrive/bottlecrackml/train/good/9d7503bf-bottle_20260921_013118_cam1_roi.png,0,0.015,0
/content/drive/MyDrive/bottlecrackml/train/good/9dbd591e-bottle_20260921_011113_cam1_roi.png,0,0.015,0
/content/drive/MyDrive/bottlecrackml/train/good/9ff94749-bottle_20260921_012501_cam1_roi.png,0,0.085,0
/content/drive/MyDrive/bottlecrackml/train/good/a043ed08-bottle_20260921_010922_cam2_roi.png,0,0.05,0
/content/drive/MyDrive/bottlecrackml/train/good/a098cfc5-bottle_20260921_011053_cam1_roi.png,0,0.04,0
/content/drive/MyDrive/bottlecrackml/train/good/a0b90ad3-bottle_20260921_011424_cam1_roi.png,0,0.02,0
/content/drive/MyDrive/bottlecrackml/train/good/a0d23119-bottle_20260921_012548_cam1_roi.png,0,0.04,0
/content/drive/MyDrive/bottlecrackml/train/good/a0fc81c7-bottle_20260921_012743_cam1_roi.png,0,0.05,0
/content/drive/MyDrive/bottlecrackml/train/good/a1354a4f-bottle_20260921_010438_cam2_roi.png,0,0.02,0
/content/drive/MyDrive/bottlecrackml/train/good/a1f2144b-bottle_20260921_011113_cam2_roi.png,0,0.045,0
/content/drive/MyDrive/bottlecrackml/train/good/a37423de-bottle_20260921_010102_cam1_roi.png,0,0.045,0
/content/drive/MyDrive/bottlecrackml/train/good/a3ace41a-bottle_20260921_013423_cam1_roi.png,0,0.01,0
/content/drive/MyDrive/bottlecrackml/train/good/a428f602-bottle_20260921_012809_cam2_roi.png,0,0.085,0
/content/drive/MyDrive/bottlecrackml/train/good/a4d9f9bc-bottle_20260921_011432_cam1_roi.png,0,0.015,0
/content/drive/MyDrive/bottlecrackml/train/good/a5bcfae3-bottle_20260921_013439_cam2_roi.png,0,0.005,0
/content/drive/MyDrive/bottlecrackml/train/good/a653ca45-bottle_20260921_011857_cam2_roi.png,0,0.005,0
/content/drive/MyDrive/bottlecrackml/train/good/a6681872-bottle_20260921_010141_cam1_roi.png,0,0.015,0
/content/drive/MyDrive/bottlecrackml/train/good/a689b442-bottle_20260921_011801_cam1_roi.png,0,0.005,0
/content/drive/MyDrive/bottlecrackml/train/good/a6c0d2f9-bottle_20260921_010038_cam1_roi.png,0,0.02,0
/content/drive/MyDrive/bottlecrackml/train/good/a7188715-bottle_20260921_010444_cam1_roi.png,0,0.02,0
/content/drive/MyDrive/bottlecrackml/train/good/a7791c61-bottle_20260921_011225_cam2_roi.png,0,0.03,0
/content/drive/MyDrive/bottlecrackml/train/good/a8309911-bottle_20260921_011053_cam2_roi.png,0,0.04,0
/content/drive/MyDrive/bottlecrackml/train/good/a83caf52-bottle_20260921_014324_cam2_roi.png,0,0.02,0
/content/drive/MyDrive/bottlecrackml/train/good/a894d412-bottle_20260921_013157_cam1_roi.png,0,0.03,0
/content/drive/MyDrive/bottlecrackml/train/good/a937dffd-bottle_20260921_012221_cam1_roi.png,0,0.015,0
/content/drive/MyDrive/bottlecrackml/train/good/a94d13b8-bottle_20260921_013106_cam2_roi.png,0,0.005,0
/content/drive/MyDrive/bottlecrackml/train/good/a9cf2828-bottle_20260921_010017_cam2_roi.png,0,0.02,0
/content/drive/MyDrive/bottlecrackml/train/good/a9ed3b2d-bottle_20260921_013058_cam2_roi.png,0,0.025,0
/content/drive/MyDrive/bottlecrackml/train/good/aa6425a9-bottle_20260921_012731_cam2_roi.png,0,0.01,0
/content/drive/MyDrive/bottlecrackml/train/good/aaad2471-bottle_20260921_005748_cam1_roi.png,0,0.015,0
/content/drive/MyDrive/bottlecrackml/train/good/aac49117-bottle_20260921_012245_cam2_roi.png,0,0.02,0
/content/drive/MyDrive/bottlecrackml/train/good/ae0c7596-bottle_20260921_010922_cam1_roi.png,0,0.03,0
/content/drive/MyDrive/bottlecrackml/train/good/ae940e05-bottle_20260921_011849_cam1_roi.png,0,0.015,0
/content/drive/MyDrive/bottlecrackml/train/good/aeea846b-bottle_20260921_012403_cam2_roi.png,0,0.015,0
/content/drive/MyDrive/bottlecrackml/train/good/aef5386a-bottle_20260921_013316_cam2_roi.png,0,0.01,0
/content/drive/MyDrive/bottlecrackml/train/good/b09a6055-bottle_20260921_013205_cam1_roi.png,0,0.045,0
/content/drive/MyDrive/bottlecrackml/train/good/b0b3120e-bottle_20260921_005728_cam2_roi.png,0,0.01,0
/content/drive/MyDrive/bottlecrackml/train/good/b22fae8b-bottle_20260921_012751_cam2_roi.png,0,0.035,0
/content/drive/MyDrive/bottlecrackml/train/good/b2c61413-bottle_20260921_011438_cam1_roi.png,0,0.05,0
/content/drive/MyDrive/bottlecrackml/train/good/b2ca4eec-bottle_20260921_012327_cam2_roi.png,0,0.03,0
/content/drive/MyDrive/bottlecrackml/train/good/b3ff2cdd-bottle_20260921_012801_cam2_roi.png,0,0.02,0
/content/drive/MyDrive/bottlecrackml/train/good/b6cf415b-bottle_20260921_011446_cam2_roi.png,0,0.005,0
/content/drive/MyDrive/bottlecrackml/train/good/b6ddb47d-bottle_20260921_010608_cam1_roi.png,0,0.03,0
/content/drive/MyDrive/bottlecrackml/train/good/b7e0efae-bottle_20260921_010038_cam2_roi.png,0,0.07,0
/content/drive/MyDrive/bottlecrackml/train/crack/012f1232-bottle_20260921_014133_cam1_roi.png,1,0.875,1
/content/drive/MyDrive/bottlecrackml/train/crack/03139a98-bottle_20260921_014047_cam1_roi.png,1,0.795,1
/content/drive/MyDrive/bottlecrackml/train/crack/06c9a7f2-bottle_20260921_013931_cam1_roi.png,1,0.87,1
/content/drive/MyDrive/bottlecrackml/train/crack/06e4dca3-bottle_20260921_014305_cam1_roi.png,1,0.865,1
/content/drive/MyDrive/bottlecrackml/train/crack/0a8b97e5-bottle_20260921_014239_cam1_roi.png,1,0.73,1
/content/drive/MyDrive/bottlecrackml/train/crack/0b8132fd-bottle_20260921_014109_cam2_roi.png,1,0.82,1
/content/drive/MyDrive/bottlecrackml/train/crack/10e5ee8f-bottle_20260921_014004_cam1_roi.png,1,0.805,1
/content/drive/MyDrive/bottlecrackml/train/crack/13162d27-bottle_20260921_014442_cam2_roi.png,1,0.895,1
/content/drive/MyDrive/bottlecrackml/train/crack/182e85bf-bottle_20260921_013936_cam2_roi.png,1,0.745,1
/content/drive/MyDrive/bottlecrackml/train/crack/185577ba-bottle_20260921_014345_cam1_roi.png,1,0.86,1
/content/drive/MyDrive/bottlecrackml/train/crack/1958ae10-bottle_20260921_014507_cam2_roi.png,1,0.695,1
/content/drive/MyDrive/bottlecrackml/train/crack/195b20ab-bottle_20260921_014221_cam1_roi.png,1,0.795,1
/content/drive/MyDrive/bottlecrackml/train/crack/1b355040-bottle_20260921_014138_cam2_roi.png,1,0.75,1
/content/drive/MyDrive/bottlecrackml/train/crack/1e920b79-bottle_20260921_014221_cam2_roi.png,1,0.89,1
/content/drive/MyDrive/bottlecrackml/train/crack/20ae355b-bottle_20260921_014300_cam2_roi.png,1,0.855,1
/content/drive/MyDrive/bottlecrackml/train/crack/256c6cc5-bottle_20260921_014035_cam2_roi.png,1,0.84,1
/content/drive/MyDrive/bottlecrackml/train/crack/25975cb6-bottle_20260921_014300_cam1_roi.png,1,0.895,1
/content/drive/MyDrive/bottlecrackml/train/crack/2a97bc6f-bottle_20260921_014225_cam2_roi.png,1,0.88,1
/content/drive/MyDrive/bottlecrackml/train/crack/2b1f7de9-bottle_20260921_014457_cam2_roi.png,1,0.805,1
/content/drive/MyDrive/bottlecrackml/train/crack/2b7149ca-bottle_20260921_014208_cam2_roi.png,1,0.715,1
/content/drive/MyDrive/bottlecrackml/train/crack/2b74ce6d-bottle_20260921_014149_cam1_roi.png,1,0.795,1
/content/drive/MyDrive/bottlecrackml/train/crack/2c51d6b6-bottle_20260921_014225_cam1_roi.png,1,0.86,1
/content/drive/MyDrive/bottlecrackml/train/crack/2e7e45c7-bottle_20260921_014127_cam2_roi.png,1,0.89,1
/content/drive/MyDrive/bottlecrackml/train/crack/2f08da91-bottle_20260921_014452_cam1_roi.png,1,0.885,1
/content/drive/MyDrive/bottlecrackml/train/crack/2f5ee713-bottle_20260921_014215_cam1_roi.png,1,0.75,1
/content/drive/MyDrive/bottlecrackml/train/crack/33daa124-bottle_20260921_014026_cam2_roi.png,1,0.79,1
/content/drive/MyDrive/bottlecrackml/train/crack/3495b689-bottle_20260921_014109_cam1_roi.png,1,0.715,1
/content/drive/MyDrive/bottlecrackml/train/crack/370ac276-bottle_20260921_014026_cam1_roi.png,1,0.935,1
/content/drive/MyDrive/bottlecrackml/train/crack/3773a2c9-bottle_20260921_014250_cam2_roi.png,1,0.825,1
/content/drive/MyDrive/bottlecrackml/train/crack/3f7874e6-bottle_20260921_013931_cam2_roi.png,1,0.73,1
/content/drive/MyDrive/bottlecrackml/train/crack/43ba21c8-bottle_20260921_013912_cam2_roi.png,1,0.865,1
/content/drive/MyDrive/bottlecrackml/train/crack/440b6939-bottle_20260921_014215_cam2_roi.png,1,0.89,1
/content/drive/MyDrive/bottlecrackml/train/crack/4567220f-bottle_20260921_013920_cam1_roi.png,1,0.93,1
/content/drive/MyDrive/bottlecrackml/train/crack/4620de8b-bottle_20260921_014350_cam2_roi.png,1,0.86,1
/content/drive/MyDrive/bottlecrackml/train/crack/46239250-bottle_20260921_014501_cam1_roi.png,1,0.89,1
/content/drive/MyDrive/bottlecrackml/train/crack/4943f2d8-bottle_20260921_013951_cam2_roi.png,1,0.73,1
/content/drive/MyDrive/bottlecrackml/train/crack/4acd1a58-bottle_20260921_014255_cam1_roi.png,1,0.78,1
/content/drive/MyDrive/bottlecrackml/train/crack/4b0272e6-bottle_20260921_014138_cam1_roi.png,1,0.82,1
/content/drive/MyDrive/bottlecrackml/train/crack/4c97a519-bottle_20260921_013920_cam2_roi.png,1,0.795,1
/content/drive/MyDrive/bottlecrackml/train/crack/4da9c6b5-bottle_20260921_014244_cam2_roi.png,1,0.7,1
/content/drive/MyDrive/bottlecrackml/train/crack/4e9ab431-bottle_20260921_013936_cam1_roi.png,1,0.905,1
/content/drive/MyDrive/bottlecrackml/train/crack/4f44fa66-bottle_20260921_014102_cam2_roi.png,1,0.76,1
/content/drive/MyDrive/bottlecrackml/train/crack/4f454cd5-bottle_20260921_014437_cam2_roi.png,1,0.9,1
/content/drive/MyDrive/bottlecrackml/train/crack/50ff8622-bottle_20260921_014447_cam1_roi.png,1,0.885,1
/content/drive/MyDrive/bottlecrackml/train/crack/53f9bd0b-bottle_20260921_013944_cam1_roi.png,1,0.78,1
/content/drive/MyDrive/bottlecrackml/train/crack/568f6987-bottle_20260921_014250_cam1_roi.png,1,0.72,1
/content/drive/MyDrive/bottlecrackml/train/crack/5731c6c0-bottle_20260921_014431_cam1_roi.png,1,0.89,1
/content/drive/MyDrive/bottlecrackml/train/crack/5af6c1cf-bottle_20260921_014318_cam1_roi.png,1,0.725,1
/content/drive/MyDrive/bottlecrackml/train/crack/6620232d-bottle_20260921_013951_cam1_roi.png,1,0.765,1
/content/drive/MyDrive/bottlecrackml/train/crack/672d51d9-bottle_20260921_014017_cam2_roi.png,1,0.92,1
/content/drive/MyDrive/bottlecrackml/train/crack/68b9f0c4-bottle_20260921_014004_cam2_roi.png,1,0.925,1
/content/drive/MyDrive/bottlecrackml/train/crack/69e7fa1f-bottle_20260921_014234_cam1_roi.png,1,0.78,1
/content/drive/MyDrive/bottlecrackml/train/crack/6a0bf19c-bottle_20260921_014115_cam1_roi.png,1,0.8,1
/content/drive/MyDrive/bottlecrackml/train/crack/6a67bb0c-bottle_20260921_014115_cam2_roi.png,1,0.85,1
/content/drive/MyDrive/bottlecrackml/train/crack/6c6f46f2-bottle_20260921_014143_cam1_roi.png,1,0.81,1
/content/drive/MyDrive/bottlecrackml/train/crack/70e7abc8-bottle_20260921_014255_cam2_roi.png,1,0.94,1
/content/drive/MyDrive/bottlecrackml/train/crack/74361bf6-bottle_20260921_014452_cam2_roi.png,1,0.91,1
/content/drive/MyDrive/bottlecrackml/train/crack/783ff0e7-bottle_20260921_014230_cam1_roi.png,1,0.91,1
/content/drive/MyDrive/bottlecrackml/train/crack/7e2547c2-bottle_20260921_014420_cam1_roi.png,1,0.8,1
/content/drive/MyDrive/bottlecrackml/train/crack/80393aaa-bottle_20260921_014230_cam2_roi.png,1,0.8,1
/content/drive/MyDrive/bottlecrackml/train/crack/84f84448-bottle_20260921_014442_cam1_roi.png,1,0.88,1
/content/drive/MyDrive/bottlecrackml/train/crack/8d002b78-bottle_20260921_014427_cam1_roi.png,1,0.74,1
/content/drive/MyDrive/bottlecrackml/train/crack/9662ef36-bottle_20260921_014345_cam2_roi.png,1,0.9,1
/content/drive/MyDrive/bottlecrackml/train/crack/973b3c6b-bottle_20260921_014355_cam1_roi.png,1,0.89,1
/content/drive/MyDrive/bottlecrackml/train/crack/98f48075-bottle_20260921_014501_cam2_roi.png,1,0.78,1
/content/drive/MyDrive/bottlecrackml/train/crack/9fd43347-bottle_20260921_014340_cam2_roi.png,1,0.815,1
/content/drive/MyDrive/bottlecrackml/train/crack/9ffcd905-bottle_20260921_014244_cam1_roi.png,1,0.735,1
/content/drive/MyDrive/bottlecrackml/train/crack/a09b41e6-bottle_20260921_014121_cam1_roi.png,1,0.93,1
/content/drive/MyDrive/bottlecrackml/train/crack/a2e400c6-bottle_20260921_014401_cam2_roi.png,1,0.7,1
/content/drive/MyDrive/bottlecrackml/train/crack/a83caf52-bottle_20260921_014324_cam2_roi.png,1,0.68,1
