split,class,label,path,sha256
train,good,0,/content/drive/MyDrive/bottlecrackml/train/good/0030c593-bottle_20260921_013454_cam1_roi.png,7d5c3b39da4d4f6d6d64d61ec3a92100c67641d5c37093c8fda973bd6db7623c
train,good,0,/content/drive/MyDrive/bottlecrackml/train/good/016dd672-bottle_20260921_012643_cam2_roi.png,c6837c1a296c1e7f2bc8fcd20533af750a1e40a6e4163d6544a552666628de63
train,good,0,/content/drive/MyDrive/bottlecrackml/train/good/01f443e1-bottle_20260921_005900_cam1_roi.png,22dceb8c6dd2daf7a48bd7f2fdd983e450937149cedf2a1629b2a4a9f874f049
train,good,0,/content/drive/MyDrive/bottlecrackml/train/good/02186ec0-bottle_20260921_012839_cam2_roi.png,08ff71f9a3176f56c89b085f0245f6f74444ddb434a6f566677b2a18f9187b39
train,good,0,/content/drive/MyDrive/bottlecrackml/train/good/022da9ab-bottle_20260921_012602_cam1_roi.png,26f63a3e043bbde3aafbc561df70698ca5dbda48ea6be061baddef6fd0f3aa15
train,good,0,/content/drive/MyDrive/bottlecrackml/train/good/028e3c11-bottle_20260921_010444_cam2_roi.png,6157a8508a694c3b6710a6d6f135c7f7fc4afa053901acaf30ff213040abde15
train,good,0,/content/drive/MyDrive/bottlecrackml/train/good/05738977-bottle_20260921_010631_cam1_roi.png,55067a1dfb2af11f5f41b0eaefbbd2c9c004bfd4d4093b6bcc286f718126ae3d
train,good,0,/content/drive/MyDrive/bottlecrackml/train/good/05ef4b16-bottle_20260921_011842_cam1_roi.png,5252503355213437783e7e48e7cea9357c596f640cce403e4b70b07293f98047
train,good,0,/content/drive/MyDrive/bottlecrackml/train/good/07a8e53a-bottle_20260921_005231_cam1_roi.png,66aca9c6984a73de54ab814d6d268634120c94abd31fcdb766b8db07b39c4470
train,good,0,/content/drive/MyDrive/bottlecrackml/train/good/082f6ce8-bottle_20260921_012429_cam2_roi.png,7917a20aec3b081d3fe748db4feace0aa6ddcd5b259445b52a4c1f9b4edb0d5f
train,good,0,/content/drive/MyDrive/bottlecrackml/train/good/0922c3b7-bottle_20260921_013401_cam2_roi.png,ac040d0a380150328b7bb1c8a5fb31eae2dd8aa76078dde005a9c8d0e18ad554
train,good,0,/content/drive/MyDrive/bottlecrackml/train/good/09b79550-bottle_20260921_005126_cam2_roi.png,5929330acb79aad59a7374ee12aa009c37376e083459bfec3c429e947cc91703
train,good,0,/content/drive/MyDrive/bottlecrackml/train/good/0a927db4-bottle_20260921_012258_cam2_roi.png,f6abe6383f4e5c9ea741f437ee1de334690a9995f51551888d278dd0d1c75e4c
train,good,0,/content/drive/MyDrive/bottlecrackml/train/good/0ceed8bf-bottle_20260921_012643_cam1_roi.png,733684407c794e3e48b02a873f770b4142e32d37da70f34e7b2849e75616d884
train,good,0,/content/drive/MyDrive/bottlecrackml/train/good/0d67cf41-bottle_20260921_010141_cam2_roi.png,9a30a8ab6f2a89f9f0d35030ed6c2bac063329db9c6fbcf818ef37e1b7dd4c81
train,good,0,/content/drive/MyDrive/bottlecrackml/train/good/0e573a55-bottle_20260921_011105_cam2_roi.png,a5cfd05f7537d6cc62f806270c7deb1a224dc8d60b2afae4118a3760046ccaf9
train,good,0,/content/drive/MyDrive/bottlecrackml/train/good/10a07ac5-bottle_20260921_005850_cam1_roi.png,5f012612c15368437c060eceda882b6a8adb051793c265a20219a7a9230618d7
train,good,0,/content/drive/MyDrive/bottlecrackml/train/good/10a3e06e-bottle_20260921_010541_cam2_roi.png,961e2ded4a61d8185ba9174072f6c19368b110fde824b2799278ec265579c62a
train,good,0,/content/drive/MyDrive/bottlecrackml/train/good/10c7738d-bottle_20260921_011705_cam2_roi.png,cc963c136be90c02e0761d96499eb0f19648541eafea066ef4969f700f29ef27
train,good,0,/content/drive/MyDrive/bottlecrackml/train/good/112918be-bottle_20260921_010415_cam2_roi.png,7c17220a5ac80a50dbc960874c453b68a8a5ff5dea189757f65f3391ea0adeff
train,good,0,/content/drive/MyDrive/bottlecrackml/train/good/1197d3a9-bottle_20260921_012239_cam1_roi.png,92322087b86be3ce351e96fc0fe150f97f3457d49dc4855e4d5a365429b31bcd
train,good,0,/content/drive/MyDrive/bottlecrackml/train/good/11f0aba8-bottle_20260921_010045_cam2_roi.png,f2b0e0bc61aed4c1c2ead5908a229cea4f98aa7d43e731ed3cbfac7e584bb7e6
train,good,0,/content/drive/MyDrive/bottlecrackml/train/good/13d712b0-bottle_20260921_011215_cam2_roi.png,60f4413fede1eab6ad357886cbe7d08301922a04514288d1a0b6a4df646eca54
train,good,0,/content/drive/MyDrive/bottlecrackml/train/good/14ac33b0-bottle_20260921_013224_cam2_roi.png,4c163682e7ddaccf000d936eeeb27412bf706f8ec1c6e2a10f1dce4f64a9bfdc
train,good,0,/content/drive/MyDrive/bottlecrackml/train/good/1502e353-bottle_20260921_012554_cam1_roi.png,9d2ab6d45cb2c483a3ac1a7fc6ff42d9ffe5fc115bdf0000de2e8d5495f79ee5
train,good,0,/content/drive/MyDrive/bottlecrackml/train/good/15105388-bottle_20260921_010109_cam2_roi.png,e68705f6cbf502f942172aa5c9fd963999bdbc777682ecf0d49a15eba51f6ed4
train,good,0,/content/drive/MyDrive/bottlecrackml/train/good/157021cf-bottle_20260921_012423_cam2_roi.png,20b85d425d3784e91a8ebafffb0ed99dfea3f351e34deb2a9e6bd0157ec9b0cc
train,good,0,/content/drive/MyDrive/bottlecrackml/train/good/171cd043-bottle_20260921_010012_cam2_roi.png,8618061436dbb446a639a2836e9224bd598404a60e6d915edf3ac642a12754f6
train,good,0,/content/drive/MyDrive/bottlecrackml/train/good/1742093a-bottle_20260921_012239_cam2_roi.png,c6dd7564c679c269fb87ade826429c3cbe4cade9c6d815527594bdb0550db390
train,good,0,/content/drive/MyDrive/bottlecrackml/train/good/179b0591-bottle_20260921_012154_cam2_roi.png,cd8fda8d1f026af413c6d830a78342d1b423a256fe6d3c9f692097dffbc86603
train,good,0,/content/drive/MyDrive/bottlecrackml/train/good/17d08893-bottle_20260921_012026_cam2_roi.png,a4e0550eb341cbf32e9aad814c8e86d92a8830d43ddb110d2de8d7e6facc47f0
train,good,0,/content/drive/MyDrive/bottlecrackml/train/good/18f05a48-bottle_20260921_010045_cam1_roi.png,8356f7d1d45301c2a59bbac73e06dc81d89eb92b296550b2fac6a3d506847006
train,good,0,/content/drive/MyDrive/bottlecrackml/train/good/1a242114-bottle_20260921_012711_cam1_roi.png,d6251da486154fd0baa21f4e173f885db62870912f1a54648a43ba5431604cf4
train,good,0,/content/drive/MyDrive/bottlecrackml/train/good/1a85c5ef-bottle_20260921_012320_cam2_roi.png,23007c33c9e98e73e4512518aea5a2f92ab9b64455b35a15febe147995adcc97
train,good,0,/content/drive/MyDrive/bottlecrackml/train/good/1af04f27-bottle_20260921_012809_cam1_roi.png,836630564fd5c52adbd59d3ca03ddad6027999710acdb24a8e303f51cd9c51a8
train,good,0,/content/drive/MyDrive/bottlecrackml/train/good/1b4599c4-bottle_20260921_012251_cam2_roi.png,84711bc96a20141f141ae3bb37f9d67756b1c3a44d6f51c89373f7220812438a
train,good,0,/content/drive/MyDrive/bottlecrackml/train/good/1b641525-bottle_20260921_011907_cam2_roi.png,70c7cb0d41ad9bb6776d23d3d1d01f28327120eb61d359251b0e5f46614db60e
train,good,0,/content/drive/MyDrive/bottlecrackml/train/good/1c3065f7-bottle_20260921_005207_cam1_roi.png,17a949498bacee1f1a7753119ab0e335c11dd5c14d43ad0a73501c9a8b2cba33
train,good,0,/content/drive/MyDrive/bottlecrackml/train/good/1c499bff-bottle_20260921_010956_cam1_roi.png,e13e7a0d40efe9268ca73d834e72cd35b272a7a441cc8fc95a8d4c674316e534
train,good,0,/content/drive/MyDrive/bottlecrackml/train/good/1c5ce818-bottle_20260921_010004_cam2_roi.png,4435503200f1cbbc6037ec9686bd472078026e139591e3601a01bde64b8dffb4
train,good,0,/content/drive/MyDrive/bottlecrackml/train/good/1dcac1e1-bottle_20260921_010023_cam2_roi.png,0d1acadc6d3766bb13c0d17a0cf409e8e8fa70c632d8cbb48668448bbafbf68a
train,good,0,/content/drive/MyDrive/bottlecrackml/train/good/1e278029-bottle_20260921_012554_cam2_roi.png,6015772f03478510fe623a11a28328837e75890e36d9908e0071b44a7f961d48
train,good,0,/content/drive/MyDrive/bottlecrackml/train/good/1f952b67-bottle_20260921_005900_cam2_roi.png,9687142946e16656140d1e0df399eea18b9a76d8ae79c44c494d138f9482ca93
train,good,0,/content/drive/MyDrive/bottlecrackml/train/good/1fd1516c-bottle_20260921_012314_cam1_roi.png,b8400865a051a0f68aacab148b33771668899fe9bec18613729b061c11d16748
train,good,0,/content/drive/MyDrive/bottlecrackml/train/good/20d83943-bottle_20260921_010033_cam2_roi.png,69c1cc89c1ece8ecc6b8035e606d3f2930697433650b450e317b6eca678bda87
train,good,0,/content/drive/MyDrive/bottlecrackml/train/good/210976e0-bottle_20260921_010438_cam1_roi.png,3a62a6ad9cd4730f4533584198035c8b7de1c1a433e8fe8cc843e0946c8261f0
train,good,0,/content/drive/MyDrive/bottlecrackml/train/good/212752f3-bottle_20260921_011651_cam2_roi.png,d5963c7e39933828b0eb1460d85d969c47a7fe3a9a64e13b6f0a11e933a851c1
train,good,0,/content/drive/MyDrive/bottlecrackml/train/good/21d369b5-bottle_20260921_012435_cam1_roi.png,cc6a7b1d80ee42cb85ba26ea59b5ee6d38b92b8bd62ea3a0791ec61702916879
train,good,0,/content/drive/MyDrive/bottlecrackml/train/good/21e4263c-bottle_20260921_013249_cam1_roi.png,4c222798a9fa65b4c0ee698323bd4ce247c45f8e43a73bc779e8bc1945aa6f71
train,good,0,/content/drive/MyDrive/bottlecrackml/train/good/21e7de83-bottle_20260921_011232_cam1_roi.png,86c18478163951fa9cc78a33034935c1f3e482a78bddccf14da7522b795dd579
train,good,0,/content/drive/MyDrive/bottlecrackml/train/good/225c91c8-bottle_20260921_011943_cam1_roi.png,d0d5d3114fe8f1f8fa346ebc403a832865c855baff6bdea8af0458a48a1695d9
train,good,0,/content/drive/MyDrive/bottlecrackml/train/good/23f5e81f-bottle_20260921_013118_cam2_roi.png,4b984748c46975fd3ae082cd8275396ca5b7ff50d9a2adce8c21e18f5f91051e
train,good,0,/content/drive/MyDrive/bottlecrackml/train/good/24e5e2ca-bottle_20260921_012325_cam1_roi.png,d7d8725ded71aa5e8fda45a477494a5f02f468aad32352f71c14846ea9775b81
train,good,0,/content/drive/MyDrive/bottlecrackml/train/good/24f6552e-bottle_20260921_005238_cam2_roi.png,e3e234204139ca6b92b8fa785b11e3a9e880224f9371f83bdb6a741d6c4f4382
train,good,0,/content/drive/MyDrive/bottlecrackml/train/good/250d9688-bottle_20260921_010639_cam2_roi.png,1c2e024d2b212fd93b7ace6c3a32565a76ab34d6d7e2ad25c959b610cff2ee3c
train,good,0,/content/drive/MyDrive/bottlecrackml/train/good/2529d1fa-bottle_20260921_011351_cam1_roi.png,b2d9b9f864c61dba3d289fdae411289f4603c406ffd5c6395aa155514916a50b
train,good,0,/content/drive/MyDrive/bottlecrackml/train/good/25b7529f-bottle_20260921_012357_cam2_roi.png,7cc02616878e8edfa18a7ec5f809c236ec69e75df2da3c2eb12c7dd94802746e
train,good,0,/content/drive/MyDrive/bottlecrackml/train/good/2623329b-bottle_20260921_012801_cam1_roi.png,a5b6d2998aa53c05a21fce026d91a0c09fd1496b85895ed6387fe5619877a664
train,good,0,/content/drive/MyDrive/bottlecrackml/train/good/26f542d4-bottle_20260921_012019_cam2_roi.png,b32a7092c90d7721c6f01dc9e50a20bbbb44f785c87bb1397137f5cf10f87a77
train,good,0,/content/drive/MyDrive/bottlecrackml/train/good/282251fa-bottle_20260921_012820_cam1_roi.png,12f3e341f22f12a34ca5dcf5ae432596769526a706fb2cd482b9380a347dbeec
train,good,0,/content/drive/MyDrive/bottlecrackml/train/good/28997861-bottle_20260921_011411_cam1_roi.png,43a979d649ba0d68f66258bd721cd0b71c26e7bb334e49b8d929da37e055af67
train,good,0,/content/drive/MyDrive/bottlecrackml/train/good/28a0a209-bottle_20260921_012423_cam1_roi.png,f9b3a1f06c0d37ff6337e87fdcb4e30052f8b3f4b1f533491db13fb5e9d7283b
train,good,0,/content/drive/MyDrive/bottlecrackml/train/good/28eea355-bottle_20260921_013344_cam2_roi.png,6677bd593ba16339f4e2a7d3925caf920b2e7465480aa7c4130c8eefae37f8a6
train,good,0,/content/drive/MyDrive/bottlecrackml/train/good/299a6dab-bottle_20260921_011411_cam2_roi.png,940aff1500bcf904c0b1d21d81e864aed1c47345fc53d58bcfee4191a7cce3e5
train,good,0,/content/drive/MyDrive/bottlecrackml/train/good/29eae985-bottle_20260921_012835_cam1_roi.png,aa562ae809b48fff4ae974de767d8475be0fdad61b3944c733e2ffd05ffbd10d
train,good,0,/content/drive/MyDrive/bottlecrackml/train/good/2b69f44b-bottle_20260921_010000_cam2_roi.png,e75f24240ffd97c47b989dad98eeaec28f49b916fe7fcaaa25c8b9ac33bc8852
train,good,0,/content/drive/MyDrive/bottlecrackml/train/good/2b769457-bottle_20260921_012154_cam1_roi.png,9a4153a840a69e56027ca0fc6c93d4fe5fa590416fbd89f3a37c2bde6c4efbf2
train,good,0,/content/drive/MyDrive/bottlecrackml/train/good/2b78e848-bottle_20260921_010525_cam2_roi.png,41671970205a2d4052ab5f35a642bfdb53eb9fafb9b1bcfc2ecec6aa847b8c60
train,good,0,/content/drive/MyDrive/bottlecrackml/train/good/2b895e51-bottle_20260921_005304_cam2_roi.png,c6eb2df57f061f6af0017596b11919da5ee4591161b609cab021ac10e73e3d6c
train,good,0,/content/drive/MyDrive/bottlecrackml/train/good/2c2133fa-bottle_20260921_012501_cam2_roi.png,ac3245830aece9e415ab398c64263a25f5899006dcd1ae550e7a2b7d8724432d
train,good,0,/content/drive/MyDrive/bottlecrackml/train/good/2c80e9e4-bottle_20260921_010626_cam2_roi.png,d1af370efa465209c4d217290ab8f8a9b5517ef93ec59deea2c6016ecce22294
train,good,0,/content/drive/MyDrive/bottlecrackml/train/good/2d27c4ae-bottle_20260921_005826_cam2_roi.png,094a5675f2ef527b9f4835e67b8ba801761c76652aba3223c2896a21b3ab7ce4
train,good,0,/content/drive/MyDrive/bottlecrackml/train/good/2d30f6f5-bottle_20260921_012626_cam2_roi.png,92d7643d5850badd14f36b7740af8107d17bc66530f50c817c720413bcd9f3ab
train,good,0,/content/drive/MyDrive/bottlecrackml/train/good/2de13637-bottle_20260921_012839_cam1_roi.png,1e713fd7b314f3894bd489a8026d355f99cfffcf90940529c8f155b61af6f124
train,good,0,/content/drive/MyDrive/bottlecrackml/train/good/2e64fc1f-bottle_20260921_012653_cam2_roi.png,44997ffab78ae9380e9b80a6d903dd5ed621a26262125e754ea2f7a7f012e00e
train,good,0,/content/drive/MyDrive/bottlecrackml/train/good/2f0fac5b-bottle_20260921_013401_cam1_roi.png,7a9e1d2a2ade59063392d2386e7841dc66d2092f015eae0be01d9572b52b9dff
train,good,0,/content/drive/MyDrive/bottlecrackml/train/good/300a71e8-bottle_20260921_013224_cam1_roi.png,47f0b6bffa878806ae60cdb631944d3c2aeeac8d8d77d988caef3e6243fbcdd7
train,good,0,/content/drive/MyDrive/bottlecrackml/train/good/300b7f5d-bottle_20260921_011424_cam2_roi.png,8ce05ee1ca4ea12e07071ac373d2164cea887b7872d256e08d7c8a8cf7403cda
train,good,0,/content/drive/MyDrive/bottlecrackml/train/good/3099c1c8-bottle_20260921_012726_cam2_roi.png,1e0d7ec21860427d828c22bd0b223d480dc09f1fc6292a266da3503691786403
train,good,0,/content/drive/MyDrive/bottlecrackml/train/good/30cd554d-bottle_20260921_011405_cam2_roi.png,540de5d325132c70b376d47922df2d60e436503402220b3505bcf1151ec0ae55
train,good,0,/content/drive/MyDrive/bottlecrackml/train/good/311ea717-bottle_20260921_012703_cam1_roi.png,3ed5ef6bc092a7fe3b619f288fbaeafb8f41a259fe029996e593aa451eaa1b58
train,good,0,/content/drive/MyDrive/bottlecrackml/train/good/315d47db-bottle_20260921_005257_cam2_roi.png,6d97561394385a74ee382f5303b20b0d53cea51e771f96a791128740fcf55157
train,good,0,/content/drive/MyDrive/bottlecrackml/train/good/316a6ab6-bottle_20260921_012611_cam1_roi.png,ac116ea883935346dc438bd5ec68f7993447dd67aa462a3821737ac7be1b9dfc
train,good,0,/content/drive/MyDrive/bottlecrackml/train/good/31e402bc-bottle_20260921_010400_cam1_roi.png,ad8b5832d209dc586f0b5d736ffa61c2d7cc437dcdfb5f0ef1dcbeb5e090e34e
train,good,0,/content/drive/MyDrive/bottlecrackml/train/good/324fd22a-bottle_20260921_011244_cam1_roi.png,18df34da78746fed9d36f38d2346fcc59f37cadd4125d70eadb8304713e800d8
train,good,0,/content/drive/MyDrive/bottlecrackml/train/good/32b5a2df-bottle_20260921_012201_cam1_roi.png,a29e2965a5c54fc49ccbb746299dd615e4106e3511eafc434342be57c90f58fc
train,good,0,/content/drive/MyDrive/bottlecrackml/train/good/331a6a66-bottle_20260921_012740_cam1_roi.png,a40c230e4c4c0f43354a548604557d4336b81681210444ab7dd113b6a034acc5
train,good,0,/content/drive/MyDrive/bottlecrackml/train/good/343e8039-bottle_20260921_013344_cam1_roi.png,a9e253b0e0ad5f19fad7df97fde5f06b18d7a2171ae37aff2f9c4d162e2074fd
train,good,0,/content/drive/MyDrive/bottlecrackml/train/good/34e376c0-bottle_20260921_010927_cam2_roi.png,cb6c972b8d05212695c60f23939091ed302fab159698ae36d93ceda1d55fc65e
train,good,0,/content/drive/MyDrive/bottlecrackml/train/good/35d03d42-bottle_20260921_012221_cam2_roi.png,92f03ac668ecb550f2ad97d133f21eccfbb01a2b485c292430de01e72e37846f
train,good,0,/content/drive/MyDrive/bottlecrackml/train/good/35e3f653-bottle_20260921_005850_cam2_roi.png,c5e7f67934ff3c117535457f62c86e8e161d6fc75e205c619030b7e54b330d34
train,good,0,/content/drive/MyDrive/bottlecrackml/train/good/36d636e7-bottle_20260921_005814_cam2_roi.png,16ff0ba4f044852e588371fd7cef9fc5a0b7cbb9358c8dc6d6774630935c50d7
train,good,0,/content/drive/MyDrive/bottlecrackml/train/good/36e1f414-bottle_20260921_012653_cam1_roi.png,fe55960b39e3418aa38ed437761731b9e7d3d3fd85278ad3ee7c585abf8489bb
train,good,0,/content/drive/MyDrive/bottlecrackml/train/good/37417905-bottle_20260921_011020_cam1_roi.png,8849e531197e02d0de4f8cf2b8b3a009b45c5c03b481b8dcd3cab7a7d2ff93d1
train,good,0,/content/drive/MyDrive/bottlecrackml/train/good/37b3b478-bottle_20260921_011657_cam1_roi.png,461944ebf1548c99ec31cf83ce8753368da5a36abefa21493f5ea3767f0d0332
train,good,0,/content/drive/MyDrive/bottlecrackml/train/good/380efb86-bottle_20260921_010033_cam1_roi.png,396b345ed8804ff5f426a69b34ce90777a0470d96f00f688a240067cd1f97090
train,good,0,/content/drive/MyDrive/bottlecrackml/train/good/3935103c-bottle_20260921_010827_cam2_roi.png,1ccad3eb712c37e6ab07b59022d88210d2e8abd5587b11ba63f1fec44d1f20a6
train,good,0,/content/drive/MyDrive/bottlecrackml/train/good/3a9e2509-bottle_20260921_010639_cam1_roi.png,6c378ae131f31341293c4757df300eef77c30a26aeef356defc64fddc899de14
train,good,0,/content/drive/MyDrive/bottlecrackml/train/good/3acb2318-bottle_20260921_011232_cam2_roi.png,792e6e88d32ba21086d4cebc4cece663e5b2020c727ef83b077a848cca3cf962
train,good,0,/content/drive/MyDrive/bottlecrackml/train/good/3adb37ea-bottle_20260921_011914_cam1_roi.png,84baf440094400913b90ea5ee4a087098a6ec680b3d2272a236332c38897db64
train,good,0,/content/drive/MyDrive/bottlecrackml/train/good/3ba97295-bottle_20260921_013429_cam2_roi.png,3d6cf7fa5be03c03a66c4f23aa061fc61b03d50670641f65031bf6da06810a22
train,good,0,/content/drive/MyDrive/bottlecrackml/train/good/3d0f6ff9-bottle_20260921_011013_cam1_roi.png,9feff4de052419f59d0136c42520972be7845a28cbe1a86b051b9920968ab912
train,good,0,/content/drive/MyDrive/bottlecrackml/train/good/3dbbbaa4-bottle_20260921_012815_cam1_roi.png,c0db3f40012865e30601295d284a43bec5e456f1d8834c8c6be0703e1703f0db
train,good,0,/content/drive/MyDrive/bottlecrackml/train/good/3df6fc85-bottle_20260921_005319_cam2_roi.png,ea4ad1ec22c85965daa33066d3b45028eefb4bc80815ea1c2f3ce876ae4655e6
train,good,0,/content/drive/MyDrive/bottlecrackml/train/good/3fa3c5b2-bottle_20260921_013215_cam1_roi.png,19fce662357b59a33e74609b5dbf4806d20f67898ab3b04dc506364a2396b913
train,good,0,/content/drive/MyDrive/bottlecrackml/train/good/40cda3fe-bottle_20260921_012320_cam1_roi.png,a653c5c1991dcd96ae9945670c1749f98a4a326003e432dc3ffdd5cfe86ecf80
train,good,0,/content/drive/MyDrive/bottlecrackml/train/good/417a10c5-bottle_20260921_013231_cam1_roi.png,2738b954894160ee4adc817b99e4800ca3e66fef0a586760ef81b9633b5fc2cf
train,good,0,/content/drive/MyDrive/bottlecrackml/train/good/4413cea7-bottle_20260921_011059_cam1_roi.png,6e390d7bb6cb7a53fe85ce90a523f0c1d7f0734cf80d964a8b4d60a6c1a1874e
train,good,0,/content/drive/MyDrive/bottlecrackml/train/good/445591a0-bottle_20260921_012251_cam1_roi.png,1b85870ea35ea144dcb6dfc7590393a305917254abdd1f219e4489284afeaa20
train,good,0,/content/drive/MyDrive/bottlecrackml/train/good/4509f2aa-bottle_20260921_013417_cam1_roi.png,dbcecfb13c8f760f5a5c458cdbeb781bd9dd57dd4f1f9d032c21fe4e9dd3dedb
train,good,0,/content/drive/MyDrive/bottlecrackml/train/good/451aa978-bottle_20260921_010336_cam2_roi.png,40acf670b985ab65cdb5670eaff2107589ff4d389f2e07078cb0034786b53ef5
train,good,0,/content/drive/MyDrive/bottlecrackml/train/good/45c95152-bottle_20260921_005741_cam2_roi.png,08e59f1b1821e3e54caccb1ccc9b48b028dc8863a518343773b2deb6e3a0d263
train,good,0,/content/drive/MyDrive/bottlecrackml/train/good/480e1913-bottle_20260921_014149_cam2_roi.png,910fc6d301caa886f349a4730d0458a5355b13ec2e3cd63d29422025c487d67b
train,good,0,/content/drive/MyDrive/bottlecrackml/train/good/49eb0400-bottle_20260921_013153_cam1_roi.png,29dee7a334750e1ad23a4633f46c8ea375a330dffe974d4f7911c3e57b8253ab
train,good,0,/content/drive/MyDrive/bottlecrackml/train/good/4a52f72b-bottle_20260921_010559_cam2_roi.png,6e87ed82a789065c9ddb3c3731ed1664c0127aa1c5a50ffe0727c75600865810
train,good,0,/content/drive/MyDrive/bottlecrackml/train/good/4af189d2-bottle_20260921_013205_cam2_roi.png,bf5540a4b0dad18464469f06422517f6d5d8bf655a362188c99aa781c0cd723b
train,good,0,/content/drive/MyDrive/bottlecrackml/train/good/4bc72f44-bottle_20260921_011013_cam2_roi.png,3478a4166b0f180f5fca2463df49e568bad0a2ff1a42afa70d22eb1d312b6d46
train,good,0,/content/drive/MyDrive/bottlecrackml/train/good/4c02e0b2-bottle_20260921_013332_cam2_roi.png,2d12362e85cb25e3ae5cbb5b781f32c82ec6836e0add92a456dc35ecafbdb329
train,good,0,/content/drive/MyDrive/bottlecrackml/train/good/4e08642a-bottle_20260921_010613_cam1_roi.png,4ef7eb752bc119d46c022d1c078b939d91935a39b8341dd67c191f1a78997801
train,good,0,/content/drive/MyDrive/bottlecrackml/train/good/4e3fb8e1-bottle_20260921_013201_cam1_roi.png,176e6f5dbf60d64ecf6b81969d90e50b263dbc2f18f6dcab7a3a623e5cc500b5
train,good,0,/content/drive/MyDrive/bottlecrackml/train/good/4efef9d4-bottle_20260921_012214_cam2_roi.png,bff83b4748ae62303c0145488d8bab189342f0b40eda83c9b12615f71f064e63
train,good,0,/content/drive/MyDrive/bottlecrackml/train/good/50867f3b-bottle_20260921_012440_cam2_roi.png,90dd4045035e9d4732b5cdcbd6278c2aad1f60945603893d940c1869c146904f
train,good,0,/content/drive/MyDrive/bottlecrackml/train/good/519e60b5-bottle_20260921_011737_cam1_roi.png,b9616cb1361739a1e7aa71fce59b3901db796f8fa2bb9cb7e5d2d19ba2deeef0
train,good,0,/content/drive/MyDrive/bottlecrackml/train/good/51c83975-bottle_20260921_010559_cam1_roi.png,23f51ca6010e9223577b257175a3226f62b198551faadf15c3d776b5103bf173
train,good,0,/content/drive/MyDrive/bottlecrackml/train/good/51e4cb74-bottle_20260921_011731_cam2_roi.png,b5583566c05f7901c754c726f6c80514bbe777f6125c43bab9f78f3fe7e27436
train,good,0,/content/drive/MyDrive/bottlecrackml/train/good/5231cd01-bottle_20260921_010209_cam2_roi.png,f1da2f6d1c893e61218d23a533c6d916be6303979d73640c77d9b2ca2ea3a9b6
train,good,0,/content/drive/MyDrive/bottlecrackml/train/good/52400f78-bottle_20260921_011731_cam1_roi.png,3a1244b922976c7d98a6aaa1ae5b360ba1e23e88f5bf5b8303ef7e6b6a70e6ae
train,good,0,/content/drive/MyDrive/bottlecrackml/train/good/52666aad-bottle_20260921_010350_cam2_roi.png,69247c940b046e5434e1c1a60efaac908141904c51bc698fb4e65a6b3cdd24f3
train,good,0,/content/drive/MyDrive/bottlecrackml/train/good/531477f7-bottle_20260921_010537_cam1_roi.png,a6372e287918b19239dc84c1df5b6f8135783e3d6e7f287b90ee075771aa7a70
train,good,0,/content/drive/MyDrive/bottlecrackml/train/good/531c441d-bottle_20260921_010507_cam2_roi.png,1c7c2bdb13455f0671d9344b5b67d422844745a83cf8ee5e334c602e79ff78e1
train,good,0,/content/drive/MyDrive/bottlecrackml/train/good/53e774ce-bottle_20260921_012740_cam2_roi.png,bc13d5604821f2b7d3ce06c24963650fe139dcc6119c102bebae5926364de8f9
train,good,0,/content/drive/MyDrive/bottlecrackml/train/good/54428eb9-bottle_20260921_011651_cam1_roi.png,468df1f78862f248f34c4ffff8f1011dbee08264981a7551c180807b0775aefa
train,good,0,/content/drive/MyDrive/bottlecrackml/train/good/544cdc7a-bottle_20260921_010622_cam2_roi.png,d85b6e2448b8ede79133b20b5adbed5ca01ebc8c9f99c2bd82777d23545164de
train,good,0,/content/drive/MyDrive/bottlecrackml/train/good/544e755f-bottle_20260921_011059_cam2_roi.png,1ba6f96655fa03af55e294da64f9cc532df670ef1237c5eefa83995e920c3647
train,good,0,/content/drive/MyDrive/bottlecrackml/train/good/54bca080-bottle_20260921_005820_cam1_roi.png,515ef45066a04e85b06e938efdd1f72e1cf49c003a27ad13210e0a795ef9081b
train,good,0,/content/drive/MyDrive/bottlecrackml/train/good/54e4c2bd-bottle_20260921_012012_cam1_roi.png,ac91f3d32d1b1c27c19abe34a01cf1b5034d6b450c487561a8fbf1c805a71c1f
train,good,0,/content/drive/MyDrive/bottlecrackml/train/good/56b4c833-bottle_20260921_013434_cam2_roi.png,f48c514493da595c357a1c4411d5edb4618eb3464c9208d4148d201318871d27
train,good,0,/content/drive/MyDrive/bottlecrackml/train/good/572d8732-bottle_20260921_013454_cam2_roi.png,a9d89b3332ba3670fa76264e9f82cf81d7ce11288d5df051c8b9e29e9fdc1fb1
train,good,0,/content/drive/MyDrive/bottlecrackml/train/good/57a24d98-bottle_20260921_013442_cam1_roi.png,43df04892e957df725c73480dcf1db3e646796c487a7453bcbd8e8eb3cd1fd61
train,good,0,/content/drive/MyDrive/bottlecrackml/train/good/57b82cd3-bottle_20260921_012638_cam2_roi.png,bd2b07d1b14172415bf9a5e56ba2fbee6cc27339a0559a461e1b5546c281b142
train,good,0,/content/drive/MyDrive/bottlecrackml/train/good/57c7b8da-bottle_20260921_010327_cam1_roi.png,abf36cc1adc4aa0d3358eaf76ee25e84a2594e4ab886dd113a3fdacf22c9ce38
train,good,0,/content/drive/MyDrive/bottlecrackml/train/good/583e3090-bottle_20260921_005728_cam1_roi.png,d7ccd01c7eb32779e0e4a396b544a8948c81710796f4e757f9f8d16cb1713255
train,good,0,/content/drive/MyDrive/bottlecrackml/train/good/58f4404c-bottle_20260921_010511_cam2_roi.png,150faf717382790c34e8296ee98ddc60445882a4362fb93dd66e88404548f70a
train,good,0,/content/drive/MyDrive/bottlecrackml/train/good/59073eeb-bottle_20260921_010608_cam2_roi.png,92300c51c321b18cc5ef7daf2f049dd14a9be4736f0c18a04251e24df58a7fcb
train,good,0,/content/drive/MyDrive/bottlecrackml/train/good/59a4fe52-bottle_20260921_013332_cam1_roi.png,de7938639b8e73eedde73bd6f37c085130da1070dc9adc2e6584ca6a5bacd595
train,good,0,/content/drive/MyDrive/bottlecrackml/train/good/5a784f0d-bottle_20260921_010241_cam2_roi.png,6e5b2c2cf76b440d701e2cc3685b8dc85e674158e70d17e80e93d988741fd492
train,good,0,/content/drive/MyDrive/bottlecrackml/train/good/5b2decab-bottle_20260921_013210_cam1_roi.png,5c4456d5d90520fb5d91d4ce8c7507235bad08bcdab10d49b2dfb13f1b4e5049
train,good,0,/content/drive/MyDrive/bottlecrackml/train/good/5bf5d800-bottle_20260921_005800_cam1_roi.png,3b54aceb20d9a2c94c6b30280aa1ea82e415512879f52343820dd7bdfa849daa
train,good,0,/content/drive/MyDrive/bottlecrackml/train/good/5c74b494-bottle_20260921_012843_cam2_roi.png,0bec62f2794f489e7806ccb88cdc0f415fad90bb81816cd5035e74ae3b4e17dc
train,good,0,/content/drive/MyDrive/bottlecrackml/train/good/5d77431a-bottle_20260921_010946_cam1_roi.png,656bdd6e756467ecbafc3467f684aacb532b8b3cc1fe78713eb0372e393f67d4
train,good,0,/content/drive/MyDrive/bottlecrackml/train/good/5da012a8-bottle_20260921_012429_cam1_roi.png,ecc5d7b0335d495b75f18fcda2bde5e79ea9664402eae2121a3cde61b9c818ff
train,good,0,/content/drive/MyDrive/bottlecrackml/train/good/5da19397-bottle_20260921_010028_cam1_roi.png,883be490b9835c3238fa3f807521469a79e84aff87a7d6d0c2d58c6be91ff93f
train,good,0,/content/drive/MyDrive/bottlecrackml/train/good/5da6125c-bottle_20260921_005834_cam1_roi.png,163099e6b102ec1e3178e0290506c9e8d2d40b6f94c245a4408377f6aa2b0229
train,good,0,/content/drive/MyDrive/bottlecrackml/train/good/5de775eb-bottle_20260921_014330_cam1_roi.png,3355284538cd4e03917e3461fd190a4866bf475000236132fdc165dfc2ecab0a
train,good,0,/content/drive/MyDrive/bottlecrackml/train/good/5eac2d9f-bottle_20260921_010131_cam1_roi.png,19a7f7929cf28e34790c9a8372b8d7e4b3ba96d424c19c2ed1ed2996ba3d3df9
train,good,0,/content/drive/MyDrive/bottlecrackml/train/good/5ee5a143-bottle_20260921_010454_cam2_roi.png,3e87cbf6485279fc5f0e2b36d024dd9908baa77aa0d327ad52b39b69bf25f555
train,good,0,/content/drive/MyDrive/bottlecrackml/train/good/5f9570a7-bottle_20260921_010415_cam1_roi.png,f96dc6392da56242d7069d0c8ab3998153e3c672dc939a6880da5d21339966ba
train,good,0,/content/drive/MyDrive/bottlecrackml/train/good/60473967-bottle_20260921_012731_cam1_roi.png,3d2156ba5f4f4ce9f1131a2e15cb117c969a05cf207d097941d35957341f15f0
train,good,0,/content/drive/MyDrive/bottlecrackml/train/good/60b6cfea-bottle_20260921_010617_cam2_roi.png,a06f343da1d739ce3d4b61517bdc08cef93722e2cfa4d18d711ddb9f381eba8f
train,good,0,/content/drive/MyDrive/bottlecrackml/train/good/6107cffa-bottle_20260921_004932_cam1_roi.png,dd3c71fbcc36569b1f3afeb7a7a628c97410cd17deb666acad98837fb5b5f4c8
train,good,0,/content/drive/MyDrive/bottlecrackml/train/good/61969d1e-bottle_20260921_012146_cam1_roi.png,f8351076a0837db7e484006fb5abd597b7eac60943456b16dc55f948d4c859a0
train,good,0,/content/drive/MyDrive/bottlecrackml/train/good/61fa0bf0-bottle_20260921_011225_cam1_roi.png,c84cb68a2179695fa975f8ab3995f481d8ef38c95a7e964daa6be89c66c2ece9
train,good,0,/content/drive/MyDrive/bottlecrackml/train/good/62ed97b8-bottle_20260921_013501_cam1_roi.png,488113fc4ef5903729d45b65e6b0e6775dec267748068c1ac86eb9e65b3ab195
train,good,0,/content/drive/MyDrive/bottlecrackml/train/good/6329cb19-bottle_20260921_010117_cam2_roi.png,09c1680a1ad2c96b98482d45881d78ae643199eefc3f4289811ef493c6910475
train,good,0,/content/drive/MyDrive/bottlecrackml/train/good/6383bec1-bottle_20260921_012357_cam1_roi.png,d78f96fc53334c8c3e4c9aa4c3180f900f1db475ec99e0c472021544b9d9d0ad
train,good,0,/content/drive/MyDrive/bottlecrackml/train/good/6388018a-bottle_20260921_014406_cam2_roi.png,574ef0c90c9e0d2b5d09d6731f3a1a2bc4dde56d3a2d29a9d8a7f51792be0b18
train,good,0,/content/drive/MyDrive/bottlecrackml/train/good/639f6eef-bottle_20260921_012214_cam1_roi.png,2aa96e016771304a4eb2826b14e1655ffcb13d4353400230f7d2d0a4e5c3a3f0
train,good,0,/content/drive/MyDrive/bottlecrackml/train/good/6620030f-bottle_20260921_012139_cam1_roi.png,c7ddb719d357e406936d0f36c030193e1e56a28898098445a7de7aa53247b0bb
train,good,0,/content/drive/MyDrive/bottlecrackml/train/good/66811aaf-bottle_20260921_005251_cam2_roi.png,cfb099ddc6d347a4ce1ec71bb115405599e3c6b6bf868f5d241479fa943e3966
train,good,0,/content/drive/MyDrive/bottlecrackml/train/good/67c05c7d-bottle_20260921_011238_cam2_roi.png,49625b2309d1a534692c361bf083ddbc80fd1cdd13c4255fdb5f66b27ddf02b5
train,good,0,/content/drive/MyDrive/bottlecrackml/train/good/67fb6dc1-bottle_20260921_012310_cam1_roi.png,40e6a516453aaa1c3e9a5642a18e4f2e2ce78f690d21a199545cf924992d7baf
train,good,0,/content/drive/MyDrive/bottlecrackml/train/good/6829a4fd-bottle_20260921_010209_cam1_roi.png,42c4ba3b19b7b3a91d98e2a56806f955a67cdcaeed28c5549db03607b4ea5ec9
train,good,0,/content/drive/MyDrive/bottlecrackml/train/good/689c7788-bottle_20260921_005246_cam2_roi.png,78a67459570addca5760093f9d67b6391de751d0dc2eb1d493845d6f18647aaa
train,good,0,/content/drive/MyDrive/bottlecrackml/train/good/689ff1a4-bottle_20260921_005319_cam1_roi.png,533a3bf97e87a1d6b637793a80833483a050c15d114c65495c80b5c800637b45
train,good,0,/content/drive/MyDrive/bottlecrackml/train/good/6903ed1c-bottle_20260921_011119_cam1_roi.png,5f19851efc93489cde8b6a36db7dfcb0ae5a0d40f6163161fa9830a4d80892c2
train,good,0,/content/drive/MyDrive/bottlecrackml/train/good/6916c877-bottle_20260921_012626_cam1_roi.png,89ccca7880f5c14b1d5a625ff3e654ef068cae33f45abc93621a0ec52f38e051
train,good,0,/content/drive/MyDrive/bottlecrackml/train/good/69a3e8e9-bottle_20260921_010915_cam1_roi.png,a55739c13c2d0ea82cf0068888c87143bc1db8f36814ed99cd97610fd9d834ef
train,good,0,/content/drive/MyDrive/bottlecrackml/train/good/69ddc938-bottle_20260921_012201_cam2_roi.png,f0974de545f0f722cc4f479748fa5c89ca4c39f6bd95ad9f972a1c3893c42e4c
train,good,0,/content/drive/MyDrive/bottlecrackml/train/good/69f434db-bottle_20260921_010556_cam1_roi.png,7267e3773041092b6d5f56ce23acf316c1d8b0abe0c24ba7341986022b323a54
train,good,0,/content/drive/MyDrive/bottlecrackml/train/good/6a2e1001-bottle_20260921_011026_cam1_roi.png,86fc3c668ab3ddd22b4489f59da724ec6d81ffe2f6723f5c0a762f4facc4d7ea
train,good,0,/content/drive/MyDrive/bottlecrackml/train/good/6a86d33b-bottle_20260921_011044_cam2_roi.png,567eafdf25bc1c4cbc60c6a4bcd2f636b7a0b969337391241c53c41b0806fe3e
train,good,0,/content/drive/MyDrive/bottlecrackml/train/good/6b8ba774-bottle_20260921_011936_cam2_roi.png,7fff865538d3aa8dbb3837bffa260b242d363071e5928cdaadf859ea8833941d
train,good,0,/content/drive/MyDrive/bottlecrackml/train/good/6bf1785b-bottle_20260921_011821_cam1_roi.png,745e11b593c836f67e5ebf21fed7c8c9101661b5f06279c2a0dc955eed158d23
train,good,0,/content/drive/MyDrive/bottlecrackml/train/good/6c333a80-bottle_20260921_012228_cam2_roi.png,34c1f5c99b3d9792faa7c91caae6cea3b53675d4ae2510c54ebd5dfa3898e14d
train,good,0,/content/drive/MyDrive/bottlecrackml/train/good/6e40ac29-bottle_20260921_011432_cam2_roi.png,3f64e07b8c8a07952a09e263b1e3b6f16bb5ac2373f33256c0e375e824e05f6f
train,good,0,/content/drive/MyDrive/bottlecrackml/train/good/6e6ec63b-bottle_20260921_011907_cam1_roi.png,1bd80171156ad0335a00bbdf3972248c9789fb0bf13598895b794cf253740b66
train,good,0,/content/drive/MyDrive/bottlecrackml/train/good/6fa9838c-bottle_20260921_010102_cam2_roi.png,f13132433402f6e3b388f7bf87fd10d6f2cf84ade6d44e4b44b27ee50e76ac12
train,good,0,/content/drive/MyDrive/bottlecrackml/train/good/6fc38b07-bottle_20260921_010028_cam2_roi.png,8c2e63ee5f8e3a9315ed60498bc975731075d280119f688c92d014ba94aa32c8
train,good,0,/content/drive/MyDrive/bottlecrackml/train/good/6fc654a7-bottle_20260921_012409_cam2_roi.png,0c935e864abe16dbd1749b8c5d4663d534c4a9334b32b5df2828e045362dc843
train,good,0,/content/drive/MyDrive/bottlecrackml/train/good/702edb70-bottle_20260921_005841_cam2_roi.png,64a302792fa6690046cef0c4a30cd876eb6bb5c0c3542da677a343d1e541e87e
train,good,0,/content/drive/MyDrive/bottlecrackml/train/good/712e01e4-bottle_20260921_005820_cam2_roi.png,6df148aad05c436c7d7645443fe0ea6ad2165cd876f7e64e660ad58272c45235
train,good,0,/content/drive/MyDrive/bottlecrackml/train/good/721ee9ee-bottle_20260921_012327_cam1_roi.png,f26116a95f85d3f213acaa09977c54791f3b47cf3734c51541dfc69510f52a7f
train,good,0,/content/drive/MyDrive/bottlecrackml/train/good/7233bc3d-bottle_20260921_010051_cam2_roi.png,96dc65741d7b6fcf0b7d18b185cecd5ed1740b16e25d521d7193a91887062a72
train,good,0,/content/drive/MyDrive/bottlecrackml/train/good/7247bb21-bottle_20260921_010241_cam1_roi.png,8d398566623ae9fa1fcc0df53890a6307cce7811c72e7e8f30229064a4178db7
train,good,0,/content/drive/MyDrive/bottlecrackml/train/good/727b6832-bottle_20260921_013219_cam2_roi.png,8f41c133e905cd9531d5f087987c1ccabeaf473a34feb24ae92bacd2b43eef5b
train,good,0,/content/drive/MyDrive/bottlecrackml/train/good/72987556-bottle_20260921_010253_cam1_roi.png,ea69144e1d13db760e0bbd287e8f36ff3c141cb812e23096bc154725e30f1802
train,good,0,/content/drive/MyDrive/bottlecrackml/train/good/72dd5ec0-bottle_20260921_012447_cam2_roi.png,3af096f80ec5f695ff4792264c7eacfd2883f7345e96ce4edc808d42f3017b08
train,good,0,/content/drive/MyDrive/bottlecrackml/train/good/72e9ea38-bottle_20260921_010517_cam1_roi.png,1a5165c4a9f657441fff088e13cd91f07ecc287330dd393a6f7a0599abf0d2ab
train,good,0,/content/drive/MyDrive/bottlecrackml/train/good/7308292c-bottle_20260921_012743_cam2_roi.png,dbfdd8fba3a832b5676a744bac02bc1aae3665bce342a522bc0a452c4b2498e5
train,good,0,/content/drive/MyDrive/bottlecrackml/train/good/7330baac-bottle_20260921_010051_cam1_roi.png,8061a60322ac3c0291396ee224c89cefb8dff5ffdb492b85ae20980ea50073de
train,good,0,/content/drive/MyDrive/bottlecrackml/train/good/7693db4a-bottle_20260921_013429_cam1_roi.png,09e9e099bfa90cde115a0cf8ba6f9e1b13a52c34677d2182bbd6bcb0986441bc
train,good,0,/content/drive/MyDrive/bottlecrackml/train/good/76954a09-bottle_20260921_013442_cam2_roi.png,29d25346d04f67c1456ea303462b1e41f66046faf4a656001b7454a6d95af101
train,good,0,/content/drive/MyDrive/bottlecrackml/train/good/769b2a14-bottle_20260921_010000_cam1_roi.png,7daa18d3a5cdbc4eef166942134b5522dea7c83e61698af85d44ee43ecd24b2f
train,good,0,/content/drive/MyDrive/bottlecrackml/train/good/77249ddd-bottle_20260921_010433_cam2_roi.png,2c17a7d3bc12ca7a0b19e7db82b8ed4b000c636598a41f0fcdc34a54f940ca35
train,good,0,/content/drive/MyDrive/bottlecrackml/train/good/77b01af7-bottle_20260921_012310_cam2_roi.png,65da5d4606705220a3ed7f934251c6c2edcb23e00067d41c26af0d6a745e13a7
train,good,0,/content/drive/MyDrive/bottlecrackml/train/good/77b117a8-bottle_20260921_012650_cam2_roi.png,990936dc39c96d282b0f90e9fac5c0ccb789a532aacec4f17adb7a43516572fd
train,good,0,/content/drive/MyDrive/bottlecrackml/train/good/77cc84a3-bottle_20260921_013153_cam2_roi.png,163e110d92d7331e1017eeef36a0913178c9c0df542a8727a6b038741c91bbc7
train,good,0,/content/drive/MyDrive/bottlecrackml/train/good/77dc4ac1-bottle_20260921_011438_cam2_roi.png,cb2f39729f430146707d0a091ce9b2014dd7b31ab09f85208633b74af071fd0f
train,good,0,/content/drive/MyDrive/bottlecrackml/train/good/78130578-bottle_20260921_005814_cam1_roi.png,1765a46a57ec221cf43093ade8a4dd208c32ecea5e868b6c9d46d5229d182f28
train,good,0,/content/drive/MyDrive/bottlecrackml/train/good/78727117-bottle_20260921_011922_cam2_roi.png,c410012187c4ca16c2e917252dc0bf4e30d69704427736fecd7445da9d98218b
train,good,0,/content/drive/MyDrive/bottlecrackml/train/good/794bdee6-bottle_20260921_011744_cam2_roi.png,c3930118c9e59631d2d60366d73a37234de2fc702f11dd7c6fcdb2d6aaf5cee4
train,good,0,/content/drive/MyDrive/bottlecrackml/train/good/79d00647-bottle_20260921_013143_cam1_roi.png,644d0caaee5ec154cb09dc11de8d29f3463420263619a90128013dcfd7be4832
train,good,0,/content/drive/MyDrive/bottlecrackml/train/good/79fa93b4-bottle_20260921_005748_cam2_roi.png,f04beb6fae67e6e14b6312a2db172d0e8eeadbfc098feb57285bd2911f524a00
train,good,0,/content/drive/MyDrive/bottlecrackml/train/good/7a23e931-bottle_20260921_012619_cam2_roi.png,f4dfb5f708ce61ecadf7c5f25ba3047c60b8bd8f8b36276cde63d65cc8750e9b
train,good,0,/content/drive/MyDrive/bottlecrackml/train/good/7ae9f8f4-bottle_20260921_005752_cam2_roi.png,5afd4b46051941a93d19a69910c1a2c772b2bbd23285e04884fd9c5f081c3b39
train,good,0,/content/drive/MyDrive/bottlecrackml/train/good/7bbd5524-bottle_20260921_010004_cam1_roi.png,cc8754e1e07e2de863b6cad889937f08d845f3138a9017f33d5cae12a1a85d30
train,good,0,/content/drive/MyDrive/bottlecrackml/train/good/7c237697-bottle_20260921_012447_cam1_roi.png,61a21ae4098d962936e929bb0c2eecb9986220db45f8f0a9ffa0bcb556e907d0
train,good,0,/content/drive/MyDrive/bottlecrackml/train/good/7d15c4e5-bottle_20260921_012303_cam1_roi.png,3d8f3bb46d43a19d1c048296ce42a200b0286197427cffd4c73a3c4fb42e5562
train,good,0,/content/drive/MyDrive/bottlecrackml/train/good/7d68f549-bottle_20260921_005225_cam1_roi.png,892482a636a19556e89fd1387264ac60a7e44d665601809dd639eca5bba10fc8
train,good,0,/content/drive/MyDrive/bottlecrackml/train/good/7df4c139-bottle_20260921_011244_cam2_roi.png,17c0003250ebf098566dcb1078a2f23c752fddbcd78af7d06bb1f3e53d083ab3
train,good,0,/content/drive/MyDrive/bottlecrackml/train/good/7e1668d0-bottle_20260921_012703_cam2_roi.png,67abfede131428e6914457f74217d73035b155fe833d160ba120f20c0628e676
train,good,0,/content/drive/MyDrive/bottlecrackml/train/good/7e21fffb-bottle_20260921_013308_cam2_roi.png,f774efaf3ad6184b6433c1254d9df9103948641a49d5ad9f356fd006531ab850
train,good,0,/content/drive/MyDrive/bottlecrackml/train/good/7e4978ea-bottle_20260921_010827_cam1_roi.png,ddb71c50d6e4c19affd905389c06d1c7142340b6f4854b1122507705dd62dec7
train,good,0,/content/drive/MyDrive/bottlecrackml/train/good/805f94f7-bottle_20260921_005834_cam2_roi.png,390ad859b4c37727a28938041ecf1c6ef71300ea04527e2ede8f70ca68fbda9a
train,good,0,/content/drive/MyDrive/bottlecrackml/train/good/809a63f5-bottle_20260921_010907_cam2_roi.png,ae86481e0c1e865f07156950fa9305e7d81346bda280ba836da3999c36c517b4
train,good,0,/content/drive/MyDrive/bottlecrackml/train/good/8119bc4f-bottle_20260921_013143_cam2_roi.png,41d0663bc2f84d3e94956c36e9853648841f5c221d5c6e166daf4f5af47cf8d4
train,good,0,/content/drive/MyDrive/bottlecrackml/train/good/812d82e6-bottle_20260921_011119_cam2_roi.png,10805eddc26ea83ce1d69542cab334b70c8935c75ed5c93c19382c3baf3cb50f
train,good,0,/content/drive/MyDrive/bottlecrackml/train/good/81fbca88-bottle_20260921_011842_cam2_roi.png,4e60ee8a7996c4e9b53234a891f422a04b3b57db7f80b9b1ca38eb1e25bcb199
train,good,0,/content/drive/MyDrive/bottlecrackml/train/good/82842d25-bottle_20260921_010343_cam2_roi.png,e6fd73509532d2a038c096f45fe2ae60e730fd4ed1bb7080bf1ccf326980637f
train,good,0,/content/drive/MyDrive/bottlecrackml/train/good/830922e2-bottle_20260921_012619_cam1_roi.png,bccb4f6320b38dd970e26ae9c1b90f050ed59f2a18054a933b17e394c472fb2d
train,good,0,/content/drive/MyDrive/bottlecrackml/train/good/839cfb81-bottle_20260921_012452_cam1_roi.png,c35bc9a5dfab3ccaa4e3ca66663957a455ed292c9a74a6db896ef2580f96bd13
train,good,0,/content/drive/MyDrive/bottlecrackml/train/good/8434dfb8-bottle_20260921_010426_cam2_roi.png,6c194221791d8bd1d171ca621a5aa8ecc5095406f513bfc53ef57d073f52463a
train,good,0,/content/drive/MyDrive/bottlecrackml/train/good/8519bb66-bottle_20260921_012713_cam2_roi.png,a3b920ee9dcf7139f18af95d29e12ca3770531b85d16936ad8ac2f7fb8653786
train,good,0,/content/drive/MyDrive/bottlecrackml/train/good/855b1158-bottle_20260921_005304_cam1_roi.png,2a0032707be024255f4c862ea834f4d2c1d73eea29f76f3f44323006b7e72318
train,good,0,/content/drive/MyDrive/bottlecrackml/train/good/860e8711-bottle_20260921_010626_cam1_roi.png,b514a72b9135e496998f6f192cc4ad2c1736339ec473c7b8ead8b60d61399a5c
train,good,0,/content/drive/MyDrive/bottlecrackml/train/good/862304ca-bottle_20260921_012650_cam1_roi.png,bc5069e5efdc222bda492701038480a76cb01cdd2992268549365a4e2e085413
train,good,0,/content/drive/MyDrive/bottlecrackml/train/good/86530362-bottle_20260921_011250_cam1_roi.png,4be4b6076dc1ec58e82cf1f792e5fca7fa919e971caa35065d328a602f6f67f2
train,good,0,/content/drive/MyDrive/bottlecrackml/train/good/865adb4c-bottle_20260921_005312_cam2_roi.png,32b452e544806b5c81e71053986d5fd742587f0fcafbe74a693bb9069fea2cb4
train,good,0,/content/drive/MyDrive/bottlecrackml/train/good/869e341e-bottle_20260921_013357_cam1_roi.png,57349990fbdf1af3eab23203c039c3ae0f65e962ace46abad52c9db1775c7b84
train,good,0,/content/drive/MyDrive/bottlecrackml/train/good/879b93e3-bottle_20260921_013231_cam2_roi.png,0a4a053bec69f7cb66038b3b8588dacaa0263dcbc75518cef79e3a2cecfcc19c
train,good,0,/content/drive/MyDrive/bottlecrackml/train/good/87b7c144-bottle_20260921_012026_cam1_roi.png,4672c7a92de96e6a2555037aa60575f8d19ea694a779ebee13ffb3d7ee8d4eb1
train,good,0,/content/drive/MyDrive/bottlecrackml/train/good/8885c120-bottle_20260921_012632_cam1_roi.png,49581cc79f73785f32a83356e1cf74dd598cee246711b43cc10d29695c22d011
train,good,0,/content/drive/MyDrive/bottlecrackml/train/good/88e121c1-bottle_20260921_005251_cam1_roi.png,cc3e33d166a1f555e21c72b6f36fecef381f160effc9199f64e230aa718d17ba
train,good,0,/content/drive/MyDrive/bottlecrackml/train/good/89505726-bottle_20260921_005246_cam1_roi.png,7776eea0f7b213d06eeb1fcdeefaa79da518b524f932a01013d104c11b4e1d36
train,good,0,/content/drive/MyDrive/bottlecrackml/train/good/897112e4-bottle_20260921_005940_cam2_roi.png,2759ab0dec40c011c6f2c9dc151cebc38694bcfa1faec1e2f829508bbe4ff28e
train,good,0,/content/drive/MyDrive/bottlecrackml/train/good/8a34e2be-bottle_20260921_011417_cam2_roi.png,07f099d63006b083a73da69acd11400ec3e680062ba09934a30722d8f7be1bd9
train,good,0,/content/drive/MyDrive/bottlecrackml/train/good/8b729723-bottle_20260921_012208_cam1_roi.png,b6ee5cd867c5188950e86c7d5e9a6780994fe4522eb176da9f6cb3e7bb9a8318
train,good,0,/content/drive/MyDrive/bottlecrackml/train/good/8be9bc24-bottle_20260921_010023_cam1_roi.png,214923dddf2812237a327ac830b59cab340d58fc6f5a7d64670fc89f554df71f
train,good,0,/content/drive/MyDrive/bottlecrackml/train/good/8cf5195b-bottle_20260921_011705_cam1_roi.png,214398e41fa04121c5d4fb1bef0081662b5bbc55b689ef73a30219aeb56ebdc6
train,good,0,/content/drive/MyDrive/bottlecrackml/train/good/8d4d7b87-bottle_20260921_013210_cam2_roi.png,a94a0577a7963bf2eafa894febb4afc2a1d66bd7c622e6e4848cb7113b6f524a
train,good,0,/content/drive/MyDrive/bottlecrackml/train/good/8dc8ce46-bottle_20260921_010012_cam1_roi.png,16fcf60e804f6003406037fae1057f9be0e1e20447e5ec4450265989783b5965
train,good,0,/content/drive/MyDrive/bottlecrackml/train/good/8f12af89-bottle_20260921_010525_cam1_roi.png,a8534315b7ccf777c9e4bdd7f3d0e01caa15ca10edaaa46358bc931393de79ea
train,good,0,/content/drive/MyDrive/bottlecrackml/train/good/8f98cdaf-bottle_20260921_013058_cam1_roi.png,c5c19f47529b44bd6dec276c854f1ffcc821f3eff98ed832bf817c055b5b1174
train,good,0,/content/drive/MyDrive/bottlecrackml/train/good/900e0057-bottle_20260921_011744_cam1_roi.png,0ce611f2185db086870f0aa6c5e59d206f9e0544afdf0a51135d100964896347
train,good,0,/content/drive/MyDrive/bottlecrackml/train/good/904d24a6-bottle_20260921_012820_cam2_roi.png,015518c1085d8e1df0197d8104026704f33acb5fdb0a02eaceb77e060023c166
train,good,0,/content/drive/MyDrive/bottlecrackml/train/good/90ee2ae0-bottle_20260921_005238_cam1_roi.png,3df268b6877e2b0602f8282614b32862c513dd0e78a4174276af4e5cbfe5be96
train,good,0,/content/drive/MyDrive/bottlecrackml/train/good/90eff103-bottle_20260921_005800_cam2_roi.png,a33b12cd40443e48251732640793df8ae21da3d6c4000bbc903e766b2f022d7e
train,good,0,/content/drive/MyDrive/bottlecrackml/train/good/917be985-bottle_20260921_012611_cam2_roi.png,55fef6aa8d65fb7decb5879a2420228c640671f172c04e78819517742b31a81e
train,good,0,/content/drive/MyDrive/bottlecrackml/train/good/9253e04c-bottle_20260921_010622_cam1_roi.png,eb9ebf26f1c794e6fd9f316344a5964644b53ed543d2d84e9eb33a326450baca
train,good,0,/content/drive/MyDrive/bottlecrackml/train/good/944a2c12-bottle_20260921_014318_cam2_roi.png,ead86f63cc4170be9733ab076f35ac202362442d29a269c6d65c579f5e7847cb
train,good,0,/content/drive/MyDrive/bottlecrackml/train/good/9516c5dd-bottle_20260921_012146_cam2_roi.png,89e3168d2714ee80c5d7a2398d06b541ac43272203546ae22b219dbef4bc051f
train,good,0,/content/drive/MyDrive/bottlecrackml/train/good/95e9bfd9-bottle_20260921_010636_cam1_roi.png,99724b3afbd2164df3b6f2fc8fc53d5a09f285577cad47ba1aad8fa3a49e3254
train,good,0,/content/drive/MyDrive/bottlecrackml/train/good/96339e50-bottle_20260921_012409_cam1_roi.png,94bc97230c2e635b4006c5d6ed3a0fde155a06c2a044f7e355fdad676c0b9d8f
train,good,0,/content/drive/MyDrive/bottlecrackml/train/good/97242919-bottle_20260921_010550_cam1_roi.png,3db4ae1afaf1ae0eb32e4042266a7d417dd9a5767baa183280b67c7a3ab2c553
train,good,0,/content/drive/MyDrive/bottlecrackml/train/good/9941534b-bottle_20260921_010449_cam1_roi.png,a38237e5ca0e88a4bb135402293840692268f3b3e76f4f1c887260de260ffaf1
train,good,0,/content/drive/MyDrive/bottlecrackml/train/good/997c7a97-bottle_20260921_013417_cam2_roi.png,8511a5e1cbf4cf6a90d49f14288debdcffaf01dfc48b54ae989bc650719206b1
train,good,0,/content/drive/MyDrive/bottlecrackml/train/good/99b3ddaa-bottle_20260921_010454_cam1_roi.png,95238b51183df54810f33ab6cd16cffc46f0321ec06b406784d35965a7a0950c
train,good,0,/content/drive/MyDrive/bottlecrackml/train/good/9ae6f2fa-bottle_20260921_012245_cam1_roi.png,86fda8f7666b1489276896d48054bf0a5601c6ad309af3dace49029008bf7c52
train,good,0,/content/drive/MyDrive/bottlecrackml/train/good/9bf0f18f-bottle_20260921_012435_cam2_roi.png,296d1c99bdea94488eb6b833e5e2484f69ac6b475f3ab4b838e702ee24497861
train,good,0,/content/drive/MyDrive/bottlecrackml/train/good/9c715a3f-bottle_20260921_010350_cam1_roi.png,3fdda96c16b37e15317cb63386e6236bb1ad2d4c69cf40d129321f53b806cd48
train,good,0,/content/drive/MyDrive/bottlecrackml/train/good/9cc3c129-bottle_20260921_011258_cam2_roi.png,65284710518307dc0f6fce88532213a115f278f3317012df3e9440f1501f2a45
train,good,0,/content/drive/MyDrive/bottlecrackml/train/good/9d7503bf-bottle_20260921_013118_cam1_roi.png,27d52831449d01aca32a84aa17b8b8d0046066e1d63b59ab2aa6f592f6e79145
train,good,0,/content/drive/MyDrive/bottlecrackml/train/good/9dbd591e-bottle_20260921_011113_cam1_roi.png,8e4e889335bece805050d602df309ce07c0637e7e353489cec3d6754569286e5
train,good,0,/content/drive/MyDrive/bottlecrackml/train/good/9ff94749-bottle_20260921_012501_cam1_roi.png,7dd6afe32f19b4f91d654c0102371c8fba62c3a14265f84c42e6b4bbe86da3b0
train,good,0,/content/drive/MyDrive/bottlecrackml/train/good/a043ed08-bottle_20260921_010922_cam2_roi.png,aff945cef673584268fb712e1cefe5dadfd96503b206bb1d02852bf907e3c4f8
train,good,0,/content/drive/MyDrive/bottlecrackml/train/good/a098cfc5-bottle_20260921_011053_cam1_roi.png,f9807160fe60ce708fabe4aaca620611b3ceb2d8f0b818fe39533cbf7cd53f0a
train,good,0,/content/drive/MyDrive/bottlecrackml/train/good/a0b90ad3-bottle_20260921_011424_cam1_roi.png,1ebab37a7d9ee99c33ec8b9d6206762bb092de7274e6ab95760473f5d7df7da5
train,good,0,/content/drive/MyDrive/bottlecrackml/train/good/a0d23119-bottle_20260921_012548_cam1_roi.png,daa7f8fc76b12e7924522508c82c4135c2848465554a38dc3008dc3e54149312
train,good,0,/content/drive/MyDrive/bottlecrackml/train/good/a0fc81c7-bottle_20260921_012743_cam1_roi.png,4a5e881717e5998c15e2149480b60fb1c33e4b36aa3071bf01fdb2b7d0b99329
train,good,0,/content/drive/MyDrive/bottlecrackml/train/good/a1354a4f-bottle_20260921_010438_cam2_roi.png,98d0f3e5accefac1d885584687e8f2f241e7cb0da560513ca0030bb18c7935a0
train,good,0,/content/drive/MyDrive/bottlecrackml/train/good/a1f2144b-bottle_20260921_011113_cam2_roi.png,75e1f61fce46aea64e57664a3921e0d981c97a5e635669028b96e14482901829
train,good,0,/content/drive/MyDrive/bottlecrackml/train/good/a37423de-bottle_20260921_010102_cam1_roi.png,63c82f50c27ba3f1471f45a050fd53e63f8e68a94e095bd8ce4af46fc194e367
train,good,0,/content/drive/MyDrive/bottlecrackml/train/good/a3ace41a-bottle_20260921_013423_cam1_roi.png,91eace8bba8c927b66ff3696d4acfecb0873bd5eb6a301353b5b9b256d790e9d
train,good,0,/content/drive/MyDrive/bottlecrackml/train/good/a428f602-bottle_20260921_012809_cam2_roi.png,dcb4b1b6d74af99d16e70dd1ad6dc06dee765c9f828620b9129d73df8a3ad7f1
train,good,0,/content/drive/MyDrive/bottlecrackml/train/good/a4d9f9bc-bottle_20260921_011432_cam1_roi.png,1b1e30af901393b4b815dddcd01260058dbe11b38911e7b24b27219ae8613fd8
train,good,0,/content/drive/MyDrive/bottlecrackml/train/good/a5bcfae3-bottle_20260921_013439_cam2_roi.png,34afaa73716c7bf1af8cc5caefe7a91ae1d896e8dc2f70d22f8a5ea631524d71
train,good,0,/content/drive/MyDrive/bottlecrackml/train/good/a653ca45-bottle_20260921_011857_cam2_roi.png,0464073a787da95a805822d98a35aaf273f351937b485a962731c83677cfd58a
train,good,0,/content/drive/MyDrive/bottlecrackml/train/good/a6681872-bottle_20260921_010141_cam1_roi.png,d183c3a4d88f01aaa3b6325c0c8c9b4b1bf5178ba9cf98734756d13e16b9b69f
train,good,0,/content/drive/MyDrive/bottlecrackml/train/good/a689b442-bottle_20260921_011801_cam1_roi.png,a84c072c4d1de9c8d93252eb88e162579410778a01c207a2d053d2bb71932244
train,good,0,/content/drive/MyDrive/bottlecrackml/train/good/a6c0d2f9-bottle_20260921_010038_cam1_roi.png,c1a0d32685b701097b9ca9804f8c7ff76de7376092cbb53f72e3261ddf828870
train,good,0,/content/drive/MyDrive/bottlecrackml/train/good/a7188715-bottle_20260921_010444_cam1_roi.png,18ae3219c8931977cf4ef66825fb81f9ceafbaf365dada945a8a4790d48bbcd9
train,good,0,/content/drive/MyDrive/bottlecrackml/train/good/a7791c61-bottle_20260921_011225_cam2_roi.png,07054bfe7d43ac1eeeea681bcc0218f3c311689473f657fb0dbd8b0c69728277
train,good,0,/content/drive/MyDrive/bottlecrackml/train/good/a8309911-bottle_20260921_011053_cam2_roi.png,d0ee1c558c747efc4f114e9fa6bb754ff37c8013275b71d089a13f17e60c5f66
train,good,0,/content/drive/MyDrive/bottlecrackml/train/good/a83caf52-bottle_20260921_014324_cam2_roi.png,9ddbd6df1703b85f607cd9a3d3cad45468a1beebc072783e1d6e95056c2e542d
train,good,0,/content/drive/MyDrive/bottlecrackml/train/good/a894d412-bottle_20260921_013157_cam1_roi.png,1206a3a368fb6ef381b62b2046f75011e2a47d522d1838b9ca027c8f83211d7e
train,good,0,/content/drive/MyDrive/bottlecrackml/train/good/a937dffd-bottle_20260921_012221_cam1_roi.png,bbdcd9c688d619aed6d2ef33dc1c8119c57c908613bcd4769fdf42dab986a6f3
train,good,0,/content/drive/MyDrive/bottlecrackml/train/good/a94d13b8-bottle_20260921_013106_cam2_roi.png,d19051134e3463401bd0457f80961b161df2162b598845cd9937d72447362d2f
train,good,0,/content/drive/MyDrive/bottlecrackml/train/good/a9cf2828-bottle_20260921_010017_cam2_roi.png,c82be72117b56063d4e7381c35fedf704d22dfc3bf81de2d71a920975da39cbf
train,good,0,/content/drive/MyDrive/bottlecrackml/train/good/a9ed3b2d-bottle_20260921_013058_cam2_roi.png,b59d49274943c4043ec2a054df55db91c2bc84d5c8e75a413a532a78aa296328
train,good,0,/content/drive/MyDrive/bottlecrackml/train/good/aa6425a9-bottle_20260921_012731_cam2_roi.png,dd4f37f727479e1a2613f47d0c0fdd92503006c8727f97fd660c26762f7bb958
train,good,0,/content/drive/MyDrive/bottlecrackml/train/good/aaad2471-bottle_20260921_005748_cam1_roi.png,7ed2c4a31bf016042c11d994985c6801de94d268d97ecf0089aa951da8b63f68
train,good,0,/content/drive/MyDrive/bottlecrackml/train/good/aac49117-bottle_20260921_012245_cam2_roi.png,9048c22971a8bb29bedfe7758fa9c6bde0bf32ce143f94b91e9ec0fac1ee2037
train,good,0,/content/drive/MyDrive/bottlecrackml/train/good/ae0c7596-bottle_20260921_010922_cam1_roi.png,04d06073af86a9724e29a4b0dac7d22440dd41d786fcfa581ea114bc15319c42
train,good,0,/content/drive/MyDrive/bottlecrackml/train/good/ae940e05-bottle_20260921_011849_cam1_roi.png,840fa168cff1066c8477c02d5b840af955e4e6ed66dd1afbe9f3f9c6854fb6bd
train,good,0,/content/drive/MyDrive/bottlecrackml/train/good/aeea846b-bottle_20260921_012403_cam2_roi.png,37b192612bc08b065878370f57a1df22fc764672686a22933b5dca9b73dfb5a9
train,good,0,/content/drive/MyDrive/bottlecrackml/train/good/aef5386a-bottle_20260921_013316_cam2_roi.png,22d827f9dc2ee2f5bc14cb673d86edd15daac9508ff7d09134f5a7188f814826
train,good,0,/content/drive/MyDrive/bottlecrackml/train/good/b09a6055-bottle_20260921_013205_cam1_roi.png,09b4367aeb321e03e11b202b4b01bbf671ce82053ea742065b3b523644412d4c
train,good,0,/content/drive/MyDrive/bottlecrackml/train/good/b0b3120e-bottle_20260921_005728_cam2_roi.png,7c350e7398ef80839aa4c6a89358c4046207ab97b3b76b73ec9a4ee1a56ce03c
train,good,0,/content/drive/MyDrive/bottlecrackml/train/good/b22fae8b-bottle_20260921_012751_cam2_roi.png,b960fbc1218afb9395846ad54cb443370d3d85422383f98c5d7866de34f77981
train,good,0,/content/drive/MyDrive/bottlecrackml/train/good/b2c61413-bottle_20260921_011438_cam1_roi.png,c0b5e67c96ee93f5af0ffab59762100dfb9d8874fca29feb7fddce36f6a402f1
train,good,0,/content/drive/MyDrive/bottlecrackml/train/good/b2ca4eec-bottle_20260921_012327_cam2_roi.png,b503ce0740c874c985068a9f244836e193c2a55351deaeacfd41e6e63654d446
train,good,0,/content/drive/MyDrive/bottlecrackml/train/good/b3ff2cdd-bottle_20260921_012801_cam2_roi.png,0ea1957124d0f32e8f811820831d8d9896d5733303823c7512fe16ada1cea2f8
train,good,0,/content/drive/MyDrive/bottlecrackml/train/good/b6cf415b-bottle_20260921_011446_cam2_roi.png,1a3625b5cef63765f4a2202022394e03587140e665f362fd051d5b377080df02
train,good,0,/content/drive/MyDrive/bottlecrackml/train/good/b6ddb47d-bottle_20260921_010608_cam1_roi.png,c93077f3199610931dea27f997427512882a2bdfad280c3207264a0ea38b15a3
train,good,0,/content/drive/MyDrive/bottlecrackml/train/good/b7e0efae-bottle_20260921_010038_cam2_roi.png,9adb2803802c42fc6579dcbb98336bfb903bab9b3461c2cb363775bc1d46d0a9
train,crack,1,/content/drive/MyDrive/bottlecrackml/train/crack/012f1232-bottle_20260921_014133_cam1_roi.png,0f77800685861c9f8a8d84b0f6e91867cfd80074712a7515e60528a6f1f4c89d
train,crack,1,/content/drive/MyDrive/bottlecrackml/train/crack/03139a98-bottle_20260921_014047_cam1_roi.png,2fc2ee616653a3af9be2ff6f8d9701477646df3d905f44fff7c2e418c5faed5b
train,crack,1,/content/drive/MyDrive/bottlecrackml/train/crack/06c9a7f2-bottle_20260921_013931_cam1_roi.png,76fc2952d81e5ad248cae34dacba7a68cbb575e79f9c9b2b32b185293b419589
train,crack,1,/content/drive/MyDrive/bottlecrackml/train/crack/06e4dca3-bottle_20260921_014305_cam1_roi.png,b9754aeba9e439b966b87999a2f9343a78c84cb6d72f33927c07f16542c0ba7c
train,crack,1,/content/drive/MyDrive/bottlecrackml/train/crack/0a8b97e5-bottle_20260921_014239_cam1_roi.png,bbe8d19a75c8e672e552185b6a3c55ff9c3d7406aadfb8dff558f2fca24edd7e
train,crack,1,/content/drive/MyDrive/bottlecrackml/train/crack/0b8132fd-bottle_20260921_014109_cam2_roi.png,e10e8f1e9268367cbb1679050c3b503c381d4e40551737685db69b6f32071236
train,crack,1,/content/drive/MyDrive/bottlecrackml/train/crack/10e5ee8f-bottle_20260921_014004_cam1_roi.png,9c43547ce519688ca4d95ba3228bce2103524e9445244c60c5be31222171216d
train,crack,1,/content/drive/MyDrive/bottlecrackml/train/crack/13162d27-bottle_20260921_014442_cam2_roi.png,c6aa1c597b7efe357eaed76b4646cab7fbf26bc1fd52ab898015d129ae19041d
train,crack,1,/content/drive/MyDrive/bottlecrackml/train/crack/182e85bf-bottle_20260921_013936_cam2_roi.png,926999de01a05716d34c3e2bf118be24175cbf56bab2e1be39928a0aef60c3dd
train,crack,1,/content/drive/MyDrive/bottlecrackml/train/crack/185577ba-bottle_20260921_014345_cam1_roi.png,6452832f723a7e4935f07eba224a941fa4c71f247f6df2ca57f5bbb78371a5f4
train,crack,1,/content/drive/MyDrive/bottlecrackml/train/crack/1958ae10-bottle_20260921_014507_cam2_roi.png,b48a5ba9688e98a518ce6df146b2664e71cbcdc2096d9099022bc04dffdc86e6
train,crack,1,/content/drive/MyDrive/bottlecrackml/train/crack/195b20ab-bottle_20260921_014221_cam1_roi.png,a650fe538c7aa03680cebf2f0cb8efa9ebddf8c678db6fe80e4fb6bcd2d07fc9
train,crack,1,/content/drive/MyDrive/bottlecrackml/train/crack/1b355040-bottle_20260921_014138_cam2_roi.png,1b738dd74bdfdaa026b695d10e49855cc591f52ee04581b1452fe4cffa6d1461
train,crack,1,/content/drive/MyDrive/bottlecrackml/train/crack/1e920b79-bottle_20260921_014221_cam2_roi.png,b86cb20d30cf8c0a1a527298760f750ceb5d540a8884313da1660c27a604c42f
train,crack,1,/content/drive/MyDrive/bottlecrackml/train/crack/20ae355b-bottle_20260921_014300_cam2_roi.png,6797b13a23b60c791a8ba91a3485535653b45fc48680e770abceb0be9f8252ae
train,crack,1,/content/drive/MyDrive/bottlecrackml/train/crack/256c6cc5-bottle_20260921_014035_cam2_roi.png,e5a19fd7b666a4a7982d9b24412948d1292a43aa3dda542985a4107717164816
train,crack,1,/content/drive/MyDrive/bottlecrackml/train/crack/25975cb6-bottle_20260921_014300_cam1_roi.png,bfb5392bffc597aa00bdfb477ed5f22b7cbb17799aad921ba8ac9a68fd88d3f1
train,crack,1,/content/drive/MyDrive/bottlecrackml/train/crack/2a97bc6f-bottle_20260921_014225_cam2_roi.png,5ea21535c296070fef701991abbadfb6de5f082460ef27f79229ab0759453d6b
train,crack,1,/content/drive/MyDrive/bottlecrackml/train/crack/2b1f7de9-bottle_20260921_014457_cam2_roi.png,d7dcfeeaa11f0f61753f0178339cec4c74904a5711709e3172328bd13ae50100
train,crack,1,/content/drive/MyDrive/bottlecrackml/train/crack/2b7149ca-bottle_20260921_014208_cam2_roi.png,73e87aae9832c55d647996c35b9df9b322368ff7104d99d7a7ecd772adbd534a
train,crack,1,/content/drive/MyDrive/bottlecrackml/train/crack/2b74ce6d-bottle_20260921_014149_cam1_roi.png,162b39e96e8c0d0edcf559873443612a72768ef039b73ffdcb69ed9f8e2eb5ea
train,crack,1,/content/drive/MyDrive/bottlecrackml/train/crack/2c51d6b6-bottle_20260921_014225_cam1_roi.png,f86bf0dea6269edc6f833aabac9fe8d8e93b9081f6c5f6a1b517eadc3acf99f6
train,crack,1,/content/drive/MyDrive/bottlecrackml/train/crack/2e7e45c7-bottle_20260921_014127_cam2_roi.png,d942a9fea727de707fba23c2d276332a6a79213949893049c2d9ad6e2ec92f8e
train,crack,1,/content/drive/MyDrive/bottlecrackml/train/crack/2f08da91-bottle_20260921_014452_cam1_roi.png,b36f4aa94e8b82c59b5c8492e0d4df076ee032a0bbd3f50d91208aad21771d38
train,crack,1,/content/drive/MyDrive/bottlecrackml/train/crack/2f5ee713-bottle_20260921_014215_cam1_roi.png,c341ee63a4c713efeb354c109b7b1afcd952cc622b3af27fec4332b704faa780
train,crack,1,/content/drive/MyDrive/bottlecrackml/train/crack/33daa124-bottle_20260921_014026_cam2_roi.png,e754cb8b32dde764779e66b57e20de0f114037b242db5fb078bf9b5ecbe2160b
train,crack,1,/content/drive/MyDrive/bottlecrackml/train/crack/3495b689-bottle_20260921_014109_cam1_roi.png,665366ceb028ec7665dbfd0e3b4f0a02b1b1d421a577a1862f5bc3216214c1f0
train,crack,1,/content/drive/MyDrive/bottlecrackml/train/crack/370ac276-bottle_20260921_014026_cam1_roi.png,a56614b544af689913bf2f31dc5a4de2a01cfa96b3551d8b1cd09e698293e780
train,crack,1,/content/drive/MyDrive/bottlecrackml/train/crack/3773a2c9-bottle_20260921_014250_cam2_roi.png,acd9607f115b80b33390c469d6c570e9f72d1fffb9f4e3f6c49f6de99a7661c8
train,crack,1,/content/drive/MyDrive/bottlecrackml/train/crack/3f7874e6-bottle_20260921_013931_cam2_roi.png,a25a6f7a9fb7aa3d554b140bc8a3c662c78b05cfec61406b8a48e026a6f8e116
train,crack,1,/content/drive/MyDrive/bottlecrackml/train/crack/43ba21c8-bottle_20260921_013912_cam2_roi.png,b26f09ee76026a230fbc7cc74a4aa403495a4927a470e2e14407a31c6b468290
train,crack,1,/content/drive/MyDrive/bottlecrackml/train/crack/440b6939-bottle_20260921_014215_cam2_roi.png,e2463feffa6c46972d4c3c684250934de24298fb0ee69c1dbbf4c21a3d83b410
train,crack,1,/content/drive/MyDrive/bottlecrackml/train/crack/4567220f-bottle_20260921_013920_cam1_roi.png,c5904094ef28d07e2d0c1b93fb4198e1dc4451bc239d68933f9e0130d3153d18
train,crack,1,/content/drive/MyDrive/bottlecrackml/train/crack/4620de8b-bottle_20260921_014350_cam2_roi.png,9110b7cd28df3d7f6d057086219678f0b09909190b64768c3d6631df3220dcae
train,crack,1,/content/drive/MyDrive/bottlecrackml/train/crack/46239250-bottle_20260921_014501_cam1_roi.png,736423bfbfd2f8830cf88465277cbf2afdf8da542298b65fa80c9a6c44449c11
train,crack,1,/content/drive/MyDrive/bottlecrackml/train/crack/4943f2d8-bottle_20260921_013951_cam2_roi.png,be10b867d9501390e922870cba6d5e48213d808b3faa256ee363346bd7529202
train,crack,1,/content/drive/MyDrive/bottlecrackml/train/crack/4acd1a58-bottle_20260921_014255_cam1_roi.png,cf404a54a92c932bd6220cb670a025986239c110e0b81bdd4753d0b4cbaca87b
train,crack,1,/content/drive/MyDrive/bottlecrackml/train/crack/4b0272e6-bottle_20260921_014138_cam1_roi.png,f51a4921c72dda349e6c7184ddf16d4ee15ababa1a15086189c04fc4d076ce82
train,crack,1,/content/drive/MyDrive/bottlecrackml/train/crack/4c97a519-bottle_20260921_013920_cam2_roi.png,4308b2c80749f01d9818f71620f9f910de671adb36ab1690153cbccba38d7033
train,crack,1,/content/drive/MyDrive/bottlecrackml/train/crack/4da9c6b5-bottle_20260921_014244_cam2_roi.png,9803579f9d7b5af9f750fdfd0e12720a4536dcf62438b1a5491618c0178dd887
train,crack,1,/content/drive/MyDrive/bottlecrackml/train/crack/4e9ab431-bottle_20260921_013936_cam1_roi.png,2b6378327a0a6eee9c3f7c5c62bc4898b8885fef800b50a9d1a96fc4d8dd9c88
train,crack,1,/content/drive/MyDrive/bottlecrackml/train/crack/4f44fa66-bottle_20260921_014102_cam2_roi.png,8da97d1be4f8f1eb1f2254d78d4ad5cf94105566c636536f9f00980a91213510
train,crack,1,/content/drive/MyDrive/bottlecrackml/train/crack/4f454cd5-bottle_20260921_014437_cam2_roi.png,473199a0948fb3b371dd437801177ccd189f0ed788a70f7325f4696c25b9dad2
train,crack,1,/content/drive/MyDrive/bottlecrackml/train/crack/50ff8622-bottle_20260921_014447_cam1_roi.png,c1e624a53870e205f5b6b794a346ecebc0dca60d3c5257f938c21cd6b754375c
train,crack,1,/content/drive/MyDrive/bottlecrackml/train/crack/53f9bd0b-bottle_20260921_013944_cam1_roi.png,1be593f7058cfde15dcbce99e0f497ea4efce01de9bc3cba7d36f69d641d889c
train,crack,1,/content/drive/MyDrive/bottlecrackml/train/crack/568f6987-bottle_20260921_014250_cam1_roi.png,eb0daac876e07392d9ee41c8498be8f09c6fcb50a6ed6f1494e658de2f3e737b
train,crack,1,/content/drive/MyDrive/bottlecrackml/train/crack/5731c6c0-bottle_20260921_014431_cam1_roi.png,1809c5d5c369d895b845f34878921f3788bed96a0714a36f584d1a52482b34d6
train,crack,1,/content/drive/MyDrive/bottlecrackml/train/crack/5af6c1cf-bottle_20260921_014318_cam1_roi.png,a79d05e6af8fd2caff4c4dcf5e8dbb6960655651df396a2c245835c056baffd3
train,crack,1,/content/drive/MyDrive/bottlecrackml/train/crack/6620232d-bottle_20260921_013951_cam1_roi.png,69983c734ecf871fb8d4d5207873819ce85b54d8e4e36624ac6b392726309f45
train,crack,1,/content/drive/MyDrive/bottlecrackml/train/crack/672d51d9-bottle_20260921_014017_cam2_roi.png,37d4a640432cf85cc442154d81bd9494d90a4951b584a2ec86b1d6207f5a91be
train,crack,1,/content/drive/MyDrive/bottlecrackml/train/crack/68b9f0c4-bottle_20260921_014004_cam2_roi.png,b1c96de7a9734d5ed7b1a72d39c89be34b6ef6a7d76479c887d9718feac53611
train,crack,1,/content/drive/MyDrive/bottlecrackml/train/crack/69e7fa1f-bottle_20260921_014234_cam1_roi.png,412059a41426d1826edb36b5c1b198bd04c06727f04f73ddf637efff49a78eae
train,crack,1,/content/drive/MyDrive/bottlecrackml/train/crack/6a0bf19c-bottle_20260921_014115_cam1_roi.png,ca1e508af5d50e274f980344fd14bc729ce0745ffcfb0c02a072b42334f9148c
train,crack,1,/content/drive/MyDrive/bottlecrackml/train/crack/6a67bb0c-bottle_20260921_014115_cam2_roi.png,dc60ce03c7a9b4d9760b55d51e1fa13bde8deacbadfcd4d81e7ff183624fab9d
train,crack,1,/content/drive/MyDrive/bottlecrackml/train/crack/6c6f46f2-bottle_20260921_014143_cam1_roi.png,73dc12ef68a4528f51f03130ba524c12d48a30fa61cd56e4e8743ab05a274740
train,crack,1,/content/drive/MyDrive/bottlecrackml/train/crack/70e7abc8-bottle_20260921_014255_cam2_roi.png,e36140649aa28ea2abf9e189dd60ff555478d8d1c03c0beee0b4c9816467edf6
train,crack,1,/content/drive/MyDrive/bottlecrackml/train/crack/74361bf6-bottle_20260921_014452_cam2_roi.png,0463da0fec19400850db32fad7e3395f0edf15ef20ba5f3e0c1212c346ee3960
train,crack,1,/content/drive/MyDrive/bottlecrackml/train/crack/783ff0e7-bottle_20260921_014230_cam1_roi.png,bcde9b90951428d7d328e889e0b7706fe3e6d235023e0c6245f30b9105535c00
train,crack,1,/content/drive/MyDrive/bottlecrackml/train/crack/7e2547c2-bottle_20260921_014420_cam1_roi.png,51bc4e80775d4e07227d35d8ecbf58bbd02ac677a2dd17f029638230f4ef0c41
train,crack,1,/content/drive/MyDrive/bottlecrackml/train/crack/80393aaa-bottle_20260921_014230_cam2_roi.png,fcc56a032ee00aeb806dc8932c4a211952919a8d27f03bfe2e17c41901c5ffbd
train,crack,1,/content/drive/MyDrive/bottlecrackml/train/crack/84f84448-bottle_20260921_014442_cam1_roi.png,575cc864a65224bce655f69b2203e3e1d670c2d6b3d6af92a583afb9bb3eaece
train,crack,1,/content/drive/MyDrive/bottlecrackml/train/crack/8d002b78-bottle_20260921_014427_cam1_roi.png,a84d9f13b353c46f5b4677e351c281a8613f8a626f9b0b39e569ec82b103fd30
train,crack,1,/content/drive/MyDrive/bottlecrackml/train/crack/9662ef36-bottle_20260921_014345_cam2_roi.png,ddef24742a43b1be5a215b235cced24be81650d4d311c2bd460194b01e6aa66b
train,crack,1,/content/drive/MyDrive/bottlecrackml/train/crack/973b3c6b-bottle_20260921_014355_cam1_roi.png,0dbf75f0f649f884cc6761d27c0985e544d25da141f503e9cfd129d9e364ddbc
train,crack,1,/content/drive/MyDrive/bottlecrackml/train/crack/98f48075-bottle_20260921_014501_cam2_roi.png,ee23f0ca939c8e21902b9ba93d4fc9bcb791defce8adaa23dd11644f3be8fc64
train,crack,1,/content/drive/MyDrive/bottlecrackml/train/crack/9fd43347-bottle_20260921_014340_cam2_roi.png,96eb80a261db6a866e38619566b19dfbbf864856f7682ad57a32c96fcd89e1be
train,crack,1,/content/drive/MyDrive/bottlecrackml/train/crack/9ffcd905-bottle_20260921_014244_cam1_roi.png,ab32231c4f5115505799d266d84747b893c6d44822816f75a1aa559c6e9469db
train,crack,1,/content/drive/MyDrive/bottlecrackml/train/crack/a09b41e6-bottle_20260921_014121_cam1_roi.png,30181e55ce7e76b559f39da01cc747356d9224dc1af19647bf9041d23433a6df
train,crack,1,/content/drive/MyDrive/bottlecrackml/train/crack/a2e400c6-bottle_20260921_014401_cam2_roi.png,ba020aaf933367b200662a67a94f5ec608279958028b5cf326cd838646639cb0
train,crack,1,/content/drive/MyDrive/bottlecrackml/train/crack/a83caf52-bottle_20260921_014324_cam2_roi.png,f7ab90ff5c61a6215f1fdc5d04e9260bfec1b4c5eaa605a9d038337e16176d21
valid,good,0,/content/drive/MyDrive/bottlecrackml/valid/good/b081fb87-bottle_20260921_011815_cam1_roi.png,5bf8b0c9eb26afcfa774235a43bc800da7350cafe69d644fa0e0def161f1e4e9
valid,good,0,/content/drive/MyDrive/bottlecrackml/valid/good/b70cb038-bottle_20260921_012638_cam1_roi.png,feccbb8990c0f7c426651cc42c0bd13c4f5167db43f14fe293cc6f9731add08a
valid,good,0,/content/drive/MyDrive/bottlecrackml/valid/good/b757b207-bottle_20260921_012711_cam2_roi.png,1e2f55f3ffbe1c3c3ca6e08dae1920d9a574972d1ffaf071018bd4c955810036
valid,good,0,/content/drive/MyDrive/bottlecrackml/valid/good/b9922e80-bottle_20260921_011005_cam1_roi.png,988bdb6db92201dc16d830e3c5b17743d618b61b652be7320468bac6ba9aa6e5
valid,good,0,/content/drive/MyDrive/bottlecrackml/valid/good/ba012e81-bottle_20260921_010400_cam2_roi.png,e3f51bcf1bf4229274cd6589b89a6241c43c07f6ed54ffc0f7af60e4171f0e59
valid,good,0,/content/drive/MyDrive/bottlecrackml/valid/good/ba885461-bottle_20260921_012548_cam2_roi.png,b9e111e795eba7c3980c01cc3fec7d8d896fb6c9311e904844d0e172789a6ba0
valid,good,0,/content/drive/MyDrive/bottlecrackml/valid/good/bc33b885-bottle_20260921_013501_cam2_roi.png,9d503cc0346733fc6c12ae4eba0f213f7d8c1d694202db25c70fb5a55c16399f
valid,good,0,/content/drive/MyDrive/bottlecrackml/valid/good/bdfc61e5-bottle_20260921_010541_cam1_roi.png,3f791f9eddf6b03629e6aaafc4a0008e8ed1ed56ac1c9f2ae4e15b61b7210130
valid,good,0,/content/drive/MyDrive/bottlecrackml/valid/good/be583843-bottle_20260921_010327_cam2_roi.png,19106f1afa45bd68a3bb43e113cbf47c4db7ef78edae1e7af2d840a66cb858a1
valid,good,0,/content/drive/MyDrive/bottlecrackml/valid/good/be7944bb-bottle_20260921_005225_cam2_roi.png,b2258e4b0c5aafd9091b65bcc5456e0ff60dfb2eeee0cd5655fc6d4c4569fe0d
valid,good,0,/content/drive/MyDrive/bottlecrackml/valid/good/bed3e183-bottle_20260921_010907_cam1_roi.png,68618ad0aa97394ba7d0c083b794b558561202518e0c5a5fd8689cdb7316090c
valid,good,0,/content/drive/MyDrive/bottlecrackml/valid/good/bff1d622-bottle_20260921_012303_cam2_roi.png,ce8eeddcc4f3e4463d741e6c64490fcce81cfbad934f3f6a76648ef33ea9fb13
valid,good,0,/content/drive/MyDrive/bottlecrackml/valid/good/c0734a68-bottle_20260921_012726_cam1_roi.png,49eae9c3acc5efa2ec0141b35eed89dc472b7e79cd989a19a0f97e998b861ef2
valid,good,0,/content/drive/MyDrive/bottlecrackml/valid/good/c15105bc-bottle_20260921_005326_cam1_roi.png,2290c8fbc0e28e79ef4deaa4ec8b8682b44d6bc65d41cff04fbf257c11831984
valid,good,0,/content/drive/MyDrive/bottlecrackml/valid/good/c265f44d-bottle_20260921_005752_cam1_roi.png,d77fb53432bc3b2022b3d7a20fba9e833070290efb047fe7ef2735790df45a45
valid,good,0,/content/drive/MyDrive/bottlecrackml/valid/good/c315a795-bottle_20260921_013434_cam1_roi.png,749d9f404aebaf74b3d2ccc39d3e198f6c342193dc8b82fd144dfb5627c8840c
valid,good,0,/content/drive/MyDrive/bottlecrackml/valid/good/c3337967-bottle_20260921_010426_cam1_roi.png,a941a2efbc1769e6799227cb1b25ccd3392173b7562cf84b8ba961e36469219b
valid,good,0,/content/drive/MyDrive/bottlecrackml/valid/good/c386b75c-bottle_20260921_010420_cam1_roi.png,8f8ea1bb120aaa6993ceb37e9702ab331cdb10d9c22bc09fa1fb11227bf0f755
valid,good,0,/content/drive/MyDrive/bottlecrackml/valid/good/c4e37ce0-bottle_20260921_013157_cam2_roi.png,cd204175d6cfa44e95d8cfba21a297fd21144b32479aa5953c341f7e825c6b8d
valid,good,0,/content/drive/MyDrive/bottlecrackml/valid/good/c571c084-bottle_20260921_005217_cam1_roi.png,4be12580be4c41378e1b4b5adba174a7b055bf7f81d0bbda1f214be0056a631f
valid,good,0,/content/drive/MyDrive/bottlecrackml/valid/good/c575cd4f-bottle_20260921_012417_cam2_roi.png,b328fd8bbdfb1329d049ed14bda7254e61bb5089f12bc81e629589da5b06575b
valid,good,0,/content/drive/MyDrive/bottlecrackml/valid/good/c57de58e-bottle_20260921_010859_cam2_roi.png,409ca0ecd32474342ddf6ef90f42751c9fd55c1cd385266f6c09cb6a9d6d9ca8
valid,good,0,/content/drive/MyDrive/bottlecrackml/valid/good/c5c039e8-bottle_20260921_005257_cam1_roi.png,a7eba50e98e2c4c68b9edf925e42443d36729b12c1951fcde6659f109ae65b14
valid,good,0,/content/drive/MyDrive/bottlecrackml/valid/good/c5f6ef81-bottle_20260921_011341_cam1_roi.png,f725776e43c5002d139c5cdf688e9a469f5858f1cab5a265bac2d73bad263f8a
valid,good,0,/content/drive/MyDrive/bottlecrackml/valid/good/c601fcb2-bottle_20260921_013106_cam1_roi.png,a93d877c53b3081ef2c969125120ceefd0779cfc0d83961249dae3620b79f0c0
valid,good,0,/content/drive/MyDrive/bottlecrackml/valid/good/c6339fb7-bottle_20260921_010131_cam2_roi.png,e9cd1ccbf2ccd93aaf1220e202f94ac63fe34102b77cdae41ac52acc07e965f8
valid,good,0,/content/drive/MyDrive/bottlecrackml/valid/good/c664aa34-bottle_20260921_010636_cam2_roi.png,d1a143b988512cdc2bde865c05a112571b2f5d96002b14a5e83d7edc305158d4
valid,good,0,/content/drive/MyDrive/bottlecrackml/valid/good/c67af89f-bottle_20260921_010109_cam1_roi.png,1d253c2cfd65e934e4cc2cb00f02d150a59abab16b7e5a6298f4e4cb19877413
valid,good,0,/content/drive/MyDrive/bottlecrackml/valid/good/c8520866-bottle_20260921_010343_cam1_roi.png,e975188e0065ff68176c5ab5c65dc7263e5d5f40f2e8f00ac611da050814285d
valid,good,0,/content/drive/MyDrive/bottlecrackml/valid/good/c8a78a3c-bottle_20260921_010117_cam1_roi.png,d8ae68628d454d9810a2512e60b2ec5fd4604818a982011ed30518f5fd90a046
valid,good,0,/content/drive/MyDrive/bottlecrackml/valid/good/c9000ec2-bottle_20260921_012843_cam1_roi.png,d864663a6064949579d4dd4ff4306965d5fcf28220953e1db7375438cc78baa4
valid,good,0,/content/drive/MyDrive/bottlecrackml/valid/good/c933acaa-bottle_20260921_012632_cam2_roi.png,e363a98158de537653182dcb469c1a27bac3e3891e82a833b3a61cc95e36539d
valid,good,0,/content/drive/MyDrive/bottlecrackml/valid/good/c958ff86-bottle_20260921_011955_cam1_roi.png,1a00d056c29a16e4b69236206812944133e49449f90d9611b2f59e24c1e2b2ac
valid,good,0,/content/drive/MyDrive/bottlecrackml/valid/good/c9dee9d3-bottle_20260921_010556_cam2_roi.png,a9e19579de2375b7c46bc63393ff5d830fcf87b5883d2b979649c838f6212dc6
valid,good,0,/content/drive/MyDrive/bottlecrackml/valid/good/ca34f006-bottle_20260921_010124_cam1_roi.png,27f9032672163e6609379a62601c607865199201f130f6f4661beda0945e80bd
valid,good,0,/content/drive/MyDrive/bottlecrackml/valid/good/ca518252-bottle_20260921_005126_cam1_roi.png,95459f90f1eea95841ce8b42b8b72b10feb6caa9acafc4e464e120cd834c5798
valid,good,0,/content/drive/MyDrive/bottlecrackml/valid/good/cb313b7c-bottle_20260921_011657_cam2_roi.png,1f70a15d176e389a27eafef6ebc650f8c52e9903cd74e885fdd327699d5d46bb
valid,good,0,/content/drive/MyDrive/bottlecrackml/valid/good/cb7003db-bottle_20260921_010124_cam2_roi.png,bf7bd97d483246ef5136d65a071e793212c3c0bce157b686d4feb0c6ee94d193
valid,good,0,/content/drive/MyDrive/bottlecrackml/valid/good/cb96ef25-bottle_20260921_011341_cam2_roi.png,99c8a94042185ac2fc51451971a5c99b1add121a8980719dfc44a329a4fb0fb3
valid,good,0,/content/drive/MyDrive/bottlecrackml/valid/good/cd349133-bottle_20260921_010253_cam2_roi.png,294de47ba5747f1a845fc2bb11360d5a8c6b998a0799ce87fb9e6bd3a0d7ebfd
valid,good,0,/content/drive/MyDrive/bottlecrackml/valid/good/ceab26de-bottle_20260921_013249_cam2_roi.png,ba2c02f156cd081ec8f6844e6b846dcb4b72cb20c128f7bcb9ffd4e8667a06bc
valid,good,0,/content/drive/MyDrive/bottlecrackml/valid/good/cfb24aa1-bottle_20260921_010017_cam1_roi.png,32397bfd5eba3893d18fcf8101cc9902e68b2fc911f3ce844493f3ab7261dea1
valid,good,0,/content/drive/MyDrive/bottlecrackml/valid/good/cfc6b142-bottle_20260921_012835_cam2_roi.png,a78f2a3bc0d1f4d366b9b57fcefee9fc22ddba2216bc19cd322006321f885868
valid,good,0,/content/drive/MyDrive/bottlecrackml/valid/good/d02affdf-bottle_20260921_013259_cam1_roi.png,1fdab87e17bf78e3cf34a4fa1aaf9c960601d2231560fc51c0e4066b3e0e8014
valid,good,0,/content/drive/MyDrive/bottlecrackml/valid/good/d03907c0-bottle_20260921_011801_cam2_roi.png,6a667c1391b76061101bd69edd9e425139cba7f445949efd57f8132168b2f511
valid,good,0,/content/drive/MyDrive/bottlecrackml/valid/good/d0484844-bottle_20260921_013357_cam2_roi.png,3ec764a64875e8e180b7a199cb2eb0218bcabdb79bbc49295c15629ddff85834
valid,good,0,/content/drive/MyDrive/bottlecrackml/valid/good/d05f9cfd-bottle_20260921_013259_cam2_roi.png,1220c4bb8b15225864d4b827466bc03744e31b10253b64fd1e5f7bc8a65018db
valid,good,0,/content/drive/MyDrive/bottlecrackml/valid/good/d113cc4e-bottle_20260921_005326_cam2_roi.png,1369e38a5fb2abf6ab355efe1f0ba43dc8e7db7d0f6e9d0bce20b8f627caa932
valid,good,0,/content/drive/MyDrive/bottlecrackml/valid/good/d2208035-bottle_20260921_012713_cam1_roi.png,0eb9a799472231cf8c570889748e51175408955e5610390392897ced3b1b0a25
valid,good,0,/content/drive/MyDrive/bottlecrackml/valid/good/d30b89b9-bottle_20260921_010927_cam1_roi.png,0764ed9b803963efe35df109fa483f86fdbc4a217016251d434462339975c8f7
valid,good,0,/content/drive/MyDrive/bottlecrackml/valid/good/d3205ce4-bottle_20260921_005741_cam1_roi.png,d3bd60cd653e386de86b7be6baffc9d7ca5ea2bbe98fce087ded5e318b127285
valid,good,0,/content/drive/MyDrive/bottlecrackml/valid/good/d3da9cff-bottle_20260921_012602_cam2_roi.png,3fa0e77c8f921c25fd7fd4958c23a786aedc690bd968b99260126238bcb7a32e
valid,good,0,/content/drive/MyDrive/bottlecrackml/valid/good/d4a6491b-bottle_20260921_011405_cam1_roi.png,d51b9f79949533c10edb74d0fe66076957cebd068ff0601fb5f061475d1b2a2e
valid,good,0,/content/drive/MyDrive/bottlecrackml/valid/good/d562aa4c-bottle_20260921_010946_cam2_roi.png,ac73fa72a5234e2038a2dd6e4447e73d38a4ce42161d64d6268747821b6e9ebe
valid,good,0,/content/drive/MyDrive/bottlecrackml/valid/good/d5dc09dd-bottle_20260921_013439_cam1_roi.png,cb6c00a809907502589aa38d6fe4926d61289c83bda15079a6fcf9dd7067c24f
valid,good,0,/content/drive/MyDrive/bottlecrackml/valid/good/d800b578-bottle_20260921_012720_cam1_roi.png,d80c71f0a5c39a4a501d1eaeddf53ff26dc54b0929a38fda49af1f2dd4303b34
valid,good,0,/content/drive/MyDrive/bottlecrackml/valid/good/d8074810-bottle_20260921_010531_cam2_roi.png,e40cd17792d52210609312c678ae296e1aefb8d4cf531a613167696df34bc374
valid,good,0,/content/drive/MyDrive/bottlecrackml/valid/good/d8635e33-bottle_20260921_012417_cam1_roi.png,a19a7c027ef900afead01779c8baf47fdef3e5edcec730af679d334d0ed05d6d
valid,good,0,/content/drive/MyDrive/bottlecrackml/valid/good/d8fced6b-bottle_20260921_012139_cam2_roi.png,4eed7ae99b8a716243c29ae321e490c27ccfbea217bc8d0ee10b332584f03257
valid,good,0,/content/drive/MyDrive/bottlecrackml/valid/good/d9efafa2-bottle_20260921_005806_cam1_roi.png,64efb1b34741f871dd1202645689bdf556aa0b4dfb5c5049a5a5c839371a4170
valid,good,0,/content/drive/MyDrive/bottlecrackml/valid/good/da5ac824-bottle_20260921_011417_cam1_roi.png,7b121bd3858bb7ab971a44aa50cf6e3c893c243127034adcb768e16750398e95
valid,good,0,/content/drive/MyDrive/bottlecrackml/valid/good/db3c1407-bottle_20260921_014055_cam2_roi.png,508015cb997f8990c9b1d5e2965bf33fcc23964b7ab4c5a8a50b834ad7550e33
valid,good,0,/content/drive/MyDrive/bottlecrackml/valid/good/db55d527-bottle_20260921_011636_cam2_roi.png,a82d79383189dd3c148998aa68cfff98ef749db09092acbbd0a9ff4d70fc87ca
valid,good,0,/content/drive/MyDrive/bottlecrackml/valid/good/dbbeea91-bottle_20260921_012208_cam2_roi.png,0076e3891766c7c297397fe43c30fc34acb60a9e4dd07c5fdd0c05ac58df2299
valid,good,0,/content/drive/MyDrive/bottlecrackml/valid/good/dc5f9567-bottle_20260921_013316_cam1_roi.png,49b8876e512d809e25e49aa1e738222536b55b9b7fb41627e6f64de07b0a7571
valid,good,0,/content/drive/MyDrive/bottlecrackml/valid/good/dcb3efa1-bottle_20260921_012314_cam2_roi.png,fa737063efff1f5a07c63adb3c6c3a5791bd4616ae8d1912f4c8629ba431220c
valid,good,0,/content/drive/MyDrive/bottlecrackml/valid/good/dd1554e7-bottle_20260921_013122_cam1_roi.png,daab783ccd322a7dfdc7501bb078e34d9dffe26224797c5894fcb15d9010dbe8
valid,good,0,/content/drive/MyDrive/bottlecrackml/valid/good/dd418128-bottle_20260921_011351_cam2_roi.png,ae47205fa3b4dcfc813fa2c06b957640dbc47c42933e5b76968694b7d0b190aa
valid,good,0,/content/drive/MyDrive/bottlecrackml/valid/good/dd5fae6a-bottle_20260921_010433_cam1_roi.png,582ba399cd2d550c354d7763d2c2e6e4c8103e84e442356f2302c288edbfac7e
valid,good,0,/content/drive/MyDrive/bottlecrackml/valid/good/ddd9df47-bottle_20260921_010859_cam1_roi.png,55c599c1aecbe729acec79cd290d6f14bdd151e46649ef341b806a6f52ccf2f2
valid,good,0,/content/drive/MyDrive/bottlecrackml/valid/good/dddcd16f-bottle_20260921_011930_cam1_roi.png,d08a2b694fe37c57c3c4d41a8681dc9ce402750b0d59c8994fe9dabc9d4efe23
valid,good,0,/content/drive/MyDrive/bottlecrackml/valid/good/e0d22f72-bottle_20260921_010531_cam1_roi.png,6c7416b8180284180ac6266e74262d5a8cb78c56a899e1879be98a343fb53957
valid,good,0,/content/drive/MyDrive/bottlecrackml/valid/good/e0fdee1b-bottle_20260921_011936_cam1_roi.png,255dece1a64a1e3927a7c0f8fbd34648c647dc1cab1a93fbcc0e19cff4caf436
valid,good,0,/content/drive/MyDrive/bottlecrackml/valid/good/e1a1c3bb-bottle_20260921_012345_cam1_roi.png,944c3099568958472de9157fe208e2489a2792c7445f753e22b35bb5f1e7efa1
valid,good,0,/content/drive/MyDrive/bottlecrackml/valid/good/e201766e-bottle_20260921_013308_cam1_roi.png,e23679391b8a4974ff62275fe4837ce93c98e40727b392da114ed18557ab2f88
valid,good,0,/content/drive/MyDrive/bottlecrackml/valid/good/e20339af-bottle_20260921_012505_cam1_roi.png,e47138d50b0e645b63af1e24b1b93089d1be54e92463a032a85e87b567645de9
valid,good,0,/content/drive/MyDrive/bottlecrackml/valid/good/e2e8f4c2-bottle_20260921_013111_cam1_roi.png,8b60e1b72feab7ec1f84f1e0daa8dcf9ebdde0a1bceefc3c864dd301ad3ac788
valid,good,0,/content/drive/MyDrive/bottlecrackml/valid/good/e341d984-bottle_20260921_005806_cam2_roi.png,4582c0bcce78c77061c4a501bf32dbbccabb75cc1bb6bf0585d8026575f84749
valid,good,0,/content/drive/MyDrive/bottlecrackml/valid/good/e36c0147-bottle_20260921_013423_cam2_roi.png,370a2f4d14f41cc295d316063d31570fdd186ed56f20478a9989a24265f694a4
valid,good,0,/content/drive/MyDrive/bottlecrackml/valid/good/e38dd0e3-bottle_20260921_010420_cam2_roi.png,6677b339cbdccfb0f6b48af20e1089b59fe6907e8f57c0fad6da901256ee7a0a
valid,good,0,/content/drive/MyDrive/bottlecrackml/valid/good/e3a876c5-bottle_20260921_010631_cam2_roi.png,35dfcd263a13a6526195a82a74324310260a13d37f18e462157030b11f0a9eba
valid,good,0,/content/drive/MyDrive/bottlecrackml/valid/good/e3f06912-bottle_20260921_010247_cam1_roi.png,217f8e7b335215e0a1995db6ceb20827dbdbca5b112d560876ffef26655976a2
valid,good,0,/content/drive/MyDrive/bottlecrackml/valid/good/e6183294-bottle_20260921_004932_cam2_roi.png,49428919b077327a10bbfa19b8fcb7d41866fb7fadd3cdcc06df6faef7d2e9fe
valid,good,0,/content/drive/MyDrive/bottlecrackml/valid/good/e645ea98-bottle_20260921_012258_cam1_roi.png,5e193ee7059ae91e52b42277bd3c66d4b808ff62eb6df098046a2e8e4995b278
valid,good,0,/content/drive/MyDrive/bottlecrackml/valid/good/e6a0baf6-bottle_20260921_010617_cam1_roi.png,3265322f4194a8e55e7fff94df14e61ec1064d77afab70a5d0a23defae5ebde6
valid,good,0,/content/drive/MyDrive/bottlecrackml/valid/good/e6e52c4a-bottle_20260921_010517_cam2_roi.png,f5143c66498d96e7170b13a77cff9977571fce1126b95d8b3387ee10eb6fa19f
valid,good,0,/content/drive/MyDrive/bottlecrackml/valid/good/e862f529-bottle_20260921_010956_cam2_roi.png,5fef320d057557064388da16c3fada22f7b2ba55e8bd0b5a594362d82e1e675d
valid,good,0,/content/drive/MyDrive/bottlecrackml/valid/good/e9f7f3ee-bottle_20260921_005312_cam1_roi.png,9fef1dbfc70c61ea0aa23cf0de3902862be39e3636c11b56d3b85e76c1004190
valid,good,0,/content/drive/MyDrive/bottlecrackml/valid/good/ea6880fc-bottle_20260921_011446_cam1_roi.png,616e4f6cf4f6ba2ebc92066ec05302c09e016d0f4b0045a1c95a6e4b0aa93e80
valid,good,0,/content/drive/MyDrive/bottlecrackml/valid/good/eae5dd73-bottle_20260921_012720_cam2_roi.png,a6ae70a9a3b9e8b740ecc05a2d704e7175cd597b0d4fc7fa57c12242509b7e60
valid,good,0,/content/drive/MyDrive/bottlecrackml/valid/good/eb0319e7-bottle_20260921_010336_cam1_roi.png,93be91529228460998b82eb5b400ecf7a263114e1a3d40f3ad73709dcc479324
valid,good,0,/content/drive/MyDrive/bottlecrackml/valid/good/ebb21e99-bottle_20260921_012456_cam2_roi.png,c0e491bac45358def3aa03f6ce15570d35a78fbbd39e498fdca3eb7056380a5e
valid,good,0,/content/drive/MyDrive/bottlecrackml/valid/good/ec236d76-bottle_20260921_005231_cam2_roi.png,43b2bfb58067a8a67bf489baea96a05c3e3597a0177be6e71f78476a351a2d42
valid,good,0,/content/drive/MyDrive/bottlecrackml/valid/good/ec579f6c-bottle_20260921_010247_cam2_roi.png,d74cab3220a9117942953eb0db2fac215176431354bccd8d33aa29db1f426e77
valid,good,0,/content/drive/MyDrive/bottlecrackml/valid/good/ecf73a31-bottle_20260921_010613_cam2_roi.png,ba2a6f6c8f588d936738706123d879bbf5f3d4ffea34f1c86edf568e6806b804
valid,good,0,/content/drive/MyDrive/bottlecrackml/valid/good/ed4b2e55-bottle_20260921_005940_cam1_roi.png,94158ecc1234dc686a2e1de38ea2dedbc763f6507d8d7e71cd15251774fd3dbf
valid,good,0,/content/drive/MyDrive/bottlecrackml/valid/good/edf315b9-bottle_20260921_013449_cam1_roi.png,8516f4c92244b75581981b22a2c3079328a0b7ccce1a3c6689fb6d6ea7df1eff
valid,good,0,/content/drive/MyDrive/bottlecrackml/valid/good/ee5f9800-bottle_20260921_011737_cam2_roi.png,43fc21bfeb4b28fc861789a83a1c1d0b2d6fc85e092ed032688435ba006dfebe
valid,good,0,/content/drive/MyDrive/bottlecrackml/valid/good/ef3819e7-bottle_20260921_013122_cam2_roi.png,d8ff74ff794fc00c6d72a480e95fc7505f8f0e69c6e672d552039cdbfe1528d1
valid,good,0,/content/drive/MyDrive/bottlecrackml/valid/good/f04c5e3b-bottle_20260921_011943_cam2_roi.png,82a41dd509608d74ce92158abac972884ca2375802edf870986bf2460cf007bd
valid,good,0,/content/drive/MyDrive/bottlecrackml/valid/good/f04eb53b-bottle_20260921_013449_cam2_roi.png,a0d13fb043113eff1c21623697694b837aeeab2b81b202084fcbfc45560f6268
valid,good,0,/content/drive/MyDrive/bottlecrackml/valid/good/f2a3d305-bottle_20260921_011857_cam1_roi.png,20bfb5eb71d87d9eb591ca035f49b539fc2e310cb47c0de362a815bbb8b953ce
valid,good,0,/content/drive/MyDrive/bottlecrackml/valid/good/f2aa16f2-bottle_20260921_012826_cam1_roi.png,327b48cfda6fcb8a8e62e887b15d3683043233d9961d0d0eecf18278f06e3cbf
valid,good,0,/content/drive/MyDrive/bottlecrackml/valid/good/f2cb4f4a-bottle_20260921_012751_cam1_roi.png,1f67851ff0f0e85e55a9b1fbc0eed7fcebeea7c0dbd0fa3d3154790879d50443
valid,good,0,/content/drive/MyDrive/bottlecrackml/valid/good/f4bf22ff-bottle_20260921_010550_cam2_roi.png,2823b3cf6f968a4deac4ac6509b3391b1095a41cecdb6d5ff27ec6050abc0374
valid,crack,1,/content/drive/MyDrive/bottlecrackml/valid/crack/a64380d2-bottle_20260921_013912_cam1_roi.png,46e6ea965ada9f041cd349e891575c8f3e31d48f9a7c2929585d190fc3192ec2
valid,crack,1,/content/drive/MyDrive/bottlecrackml/valid/crack/add5785c-bottle_20260921_014427_cam2_roi.png,c034aa0223088a25c71541f4887255b246c8035d88201d38cd8125984a43ed84
valid,crack,1,/content/drive/MyDrive/bottlecrackml/valid/crack/ae1319cf-bottle_20260921_014239_cam2_roi.png,26f2376a802bc9fb663512a810faf5fbdb585f9f604837ad9e6432fb1eb7d447
valid,crack,1,/content/drive/MyDrive/bottlecrackml/valid/crack/b2e71287-bottle_20260921_014133_cam2_roi.png,63b247bcc44fe9a0595f4a1843863ff7f64f9dc5869d5941b18ed0fbe93091a4
valid,crack,1,/content/drive/MyDrive/bottlecrackml/valid/crack/b503ea0c-bottle_20260921_014047_cam2_roi.png,3c3c8917b3531f862e11ff9b1f3b45d6aeeb429ad0b48caf72487e165adacdca
valid,crack,1,/content/drive/MyDrive/bottlecrackml/valid/crack/be126afc-bottle_20260921_014431_cam2_roi.png,3467d92590c202cfd3654a7f57a502d957795a4fe5823665d26c45f9a718a666
valid,crack,1,/content/drive/MyDrive/bottlecrackml/valid/crack/bfe5489b-bottle_20260921_014017_cam1_roi.png,75e670d3be8870893b463f10249cc34683acdc7a422d9c2bc2d9bee97f189a93
valid,crack,1,/content/drive/MyDrive/bottlecrackml/valid/crack/c4e43516-bottle_20260921_014350_cam1_roi.png,87fd83ebcf25e01177843babe0c0a190eaa8cc08c744992f5b5de968a2bd746c
valid,crack,1,/content/drive/MyDrive/bottlecrackml/valid/crack/c745d5dc-bottle_20260921_013957_cam2_roi.png,e40a6e532d06e6d84964a0db1d1ec8be9dfd905ae37e54e7504c254284f69a81
valid,crack,1,/content/drive/MyDrive/bottlecrackml/valid/crack/cc39d7c2-bottle_20260921_014437_cam1_roi.png,3299cca4e335b345897f5fcb5a37f883dae6ccfc485a2f32f157117963b131c1
valid,crack,1,/content/drive/MyDrive/bottlecrackml/valid/crack/d8934f1f-bottle_20260921_014035_cam1_roi.png,79157d5330e3fcb0ab7f26738d78fd355d3bad76f78e43f5e530d03e5c01b127
valid,crack,1,/content/drive/MyDrive/bottlecrackml/valid/crack/db3c1407-bottle_20260921_014055_cam2_roi.png,92e15abd8418cad73982d11995bcbb817841d142c604a74c5064ac6b26ce0154
valid,crack,1,/content/drive/MyDrive/bottlecrackml/valid/crack/dbd91364-bottle_20260921_014121_cam2_roi.png,d15fbb8fda905863baa5eb89b4afd7ccde1cf10a9822b994ef19c05b43607a1e
valid,crack,1,/content/drive/MyDrive/bottlecrackml/valid/crack/e5c4ce41-bottle_20260921_014127_cam1_roi.png,944260ad7ed54c4fecf0130fa535a128ed120aea649874f00aa582b7c0783629
test,good,0,/content/drive/MyDrive/bottlecrackml/test/good/f15191cc-bottle_20260921_011815_cam2_roi.png,58e6876d09799d9441214a5523bc31ea19038567f8cbe13826d4ebfcdf591c42
test,good,0,/content/drive/MyDrive/bottlecrackml/test/good/f18a865e-bottle_20260921_013215_cam2_roi.png,9a87c6c3c790a82267d7f440c35b6dd4a5d7934a99ee9cbcf2a644dfc03698a5
test,good,0,/content/drive/MyDrive/bottlecrackml/test/good/f2247eb3-bottle_20260921_011821_cam2_roi.png,39813be9e515842aa5c328d861724c046416dfc8b948a4d5cb2962c3278d51d7
test,good,0,/content/drive/MyDrive/bottlecrackml/test/good/f23e80e8-bottle_20260921_011044_cam1_roi.png,a3d264a95c4490beed96fd04787bae46a2c2b75108260accb97eb6e1ba61efaa
test,good,0,/content/drive/MyDrive/bottlecrackml/test/good/f40da043-bottle_20260921_010915_cam2_roi.png,e43937bb26f924ef7323aa8a26e48041e9c3f7b74a0f4123c96d66d5e752b9a4
test,good,0,/content/drive/MyDrive/bottlecrackml/test/good/f4da8e6c-bottle_20260921_012826_cam2_roi.png,79337c91d4fa7fcb69c8efee84dfb2b193d75337e970e256b01c4166123b0a13
test,good,0,/content/drive/MyDrive/bottlecrackml/test/good/f51511ee-bottle_20260921_012456_cam1_roi.png,5558fc1cb327cee4c61a81c6839df0e2238e05c3e4866854f821d41274e03420
test,good,0,/content/drive/MyDrive/bottlecrackml/test/good/f5ee4241-bottle_20260921_011005_cam2_roi.png,b07d13063b5eed14b35280693afc7e02b46de7a3be76c043d505493f90a447f8
test,good,0,/content/drive/MyDrive/bottlecrackml/test/good/f6c6e408-bottle_20260921_012452_cam2_roi.png,eb6b9af6969623b3ce0b76ba34842f65178b82e598f39fd68e333c6a12e1c79d
test,good,0,/content/drive/MyDrive/bottlecrackml/test/good/f6f85d29-bottle_20260921_005826_cam1_roi.png,cf57cc82fe86c165ce208566aa8d0aca15c267dba0e67c188cec9d5a58bed906
test,good,0,/content/drive/MyDrive/bottlecrackml/test/good/f720981f-bottle_20260921_012345_cam2_roi.png,d8c4efd729168dda4d745152d83044e25fece1b8938914184f930dfc8d840ee4
test,good,0,/content/drive/MyDrive/bottlecrackml/test/good/f76ed951-bottle_20260921_011020_cam2_roi.png,f481c4d8c2e5f79bc9f4974609435ad284c2da900a5eb5e7a5d2249f27e46bb5
test,good,0,/content/drive/MyDrive/bottlecrackml/test/good/f7e77fe2-bottle_20260921_012228_cam1_roi.png,92ace76306584cec918b800dbf7e17bd41d5f2d02c09eb07d5a20689a2c143ce
test,good,0,/content/drive/MyDrive/bottlecrackml/test/good/f8473c5f-bottle_20260921_011026_cam2_roi.png,ac1e19f9b1b1541d3562fb0d971bec8e47c7d39654afe90318b534420f73c015
test,good,0,/content/drive/MyDrive/bottlecrackml/test/good/f8df9cbe-bottle_20260921_005217_cam2_roi.png,8ff42e612fa9cfbaa52adc73e9c8dad1838a1828dd006ea8855650db4ff9bba3
test,good,0,/content/drive/MyDrive/bottlecrackml/test/good/f92c15a1-bottle_20260921_013111_cam2_roi.png,5390bdb9e1c9589946f6e410371e57573017ceb9f8a153f0ba479b0d2f2a0c04
test,good,0,/content/drive/MyDrive/bottlecrackml/test/good/fa1c149c-bottle_20260921_010449_cam2_roi.png,e428170f7b1c1726692bad464211f43878630f6344ffb1e2d3aa70712eed20ef
test,good,0,/content/drive/MyDrive/bottlecrackml/test/good/fa273bf2-bottle_20260921_005841_cam1_roi.png,8421a988fd731d5abe8142bcce458fa2c76fe55bb1d1fcf4143e5c6799d3b394
test,good,0,/content/drive/MyDrive/bottlecrackml/test/good/fa8b64a8-bottle_20260921_013219_cam1_roi.png,835c123ed6abb6be670e2002d6f35bc0bbd263eac3555043458f2ac62dd33cb5
test,good,0,/content/drive/MyDrive/bottlecrackml/test/good/fb42ceaa-bottle_20260921_012505_cam2_roi.png,ba043456c58001e056865eba49c86842bffe248e6e3cb4cc2e792221f5a902fe
test,good,0,/content/drive/MyDrive/bottlecrackml/test/good/fb851db3-bottle_20260921_005207_cam2_roi.png,75ef3004891b193b12a9673defc28fa4e76992f9e1e04c89d0853d7bf5af3527
test,good,0,/content/drive/MyDrive/bottlecrackml/test/good/fba037f9-bottle_20260921_012403_cam1_roi.png,4014fdf937b359bb825bbc1397d89990f467e22bcbc181e3e9cf7fbc7cc28a15
test,good,0,/content/drive/MyDrive/bottlecrackml/test/good/fcb83384-bottle_20260921_011636_cam1_roi.png,74b75ec03c30ee29c88e8e933f0084261bbb8c62ceeec7b747770ecbbab5c955
test,good,0,/content/drive/MyDrive/bottlecrackml/test/good/fd1d3aa7-bottle_20260921_012440_cam1_roi.png,91b663f22d75237b25e0d605b15ef6ec9b38a92daab436f4ae0975dc76403a35
test,good,0,/content/drive/MyDrive/bottlecrackml/test/good/fd6ebd53-bottle_20260921_010511_cam1_roi.png,a7190f2bd81ba3aa408dacc2b705c80cd30184bee5c4c36df13c651e7201d9f1
test,good,0,/content/drive/MyDrive/bottlecrackml/test/good/fdd2384b-bottle_20260921_012815_cam2_roi.png,687343165f80cdd73cd7010430fc02d9605ec74622b3658738119f1dc2d46950
test,good,0,/content/drive/MyDrive/bottlecrackml/test/good/fe01ce7d-bottle_20260921_011105_cam1_roi.png,c0432c4eead7954b24821820a8c009d3d595f0067971112eddb5ee654cc7541e
test,good,0,/content/drive/MyDrive/bottlecrackml/test/good/fe1ebd96-bottle_20260921_010537_cam2_roi.png,7c5ae8f2f2dc0e61dd9a5bb0c18b2058a4681f9683983ca6d8c2abc8bdb5e09e
test,good,0,/content/drive/MyDrive/bottlecrackml/test/good/feacca06-bottle_20260921_011215_cam1_roi.png,ce6a7764c9048e39335934e1fd81fd8afe5934809fbe2c4f9e776a14fccf082c
test,good,0,/content/drive/MyDrive/bottlecrackml/test/good/ff53d8ff-bottle_20260921_010507_cam1_roi.png,dfa7a83902af87572f2c5d12ea6f08fcd51f4500a6447c839c4429e891e854c0
test,good,0,/content/drive/MyDrive/bottlecrackml/test/good/ff859676-bottle_20260921_011258_cam1_roi.png,9afb191d4ef6c9984071945d38670d78a57b5eaeeef25e30dcc16ecb2a23b688
test,good,0,/content/drive/MyDrive/bottlecrackml/test/good/ffa1745d-bottle_20260921_013201_cam2_roi.png,15d6c884856928fe8fcaf9fb3386263fe507f71ccbe79d2b7d3ada87ee9958c9
test,crack,1,/content/drive/MyDrive/bottlecrackml/test/crack/e3198f96-bottle_20260921_014420_cam2_roi.png,fd28af27a7d31c3ef76135c76287f5696099faa56016b7618d42b9b6394dc4dc
test,crack,1,/content/drive/MyDrive/bottlecrackml/test/crack/ed630069-bottle_20260921_014457_cam1_roi.png,fd25b9f06d311e356307238d72f92ab522438f65a007614cca4e5c18790e881a
test,crack,1,/content/drive/MyDrive/bottlecrackml/test/crack/ee4185e7-bottle_20260921_014401_cam1_roi.png,8f8a801234636b3eb8dc4be5d37b0c5aa534c1ac9e1503bcb03facb2effbd1c4
test,crack,1,/content/drive/MyDrive/bottlecrackml/test/crack/f4767f3e-bottle_20260921_014355_cam2_roi.png,cab83b60b3a51590dff364703b6c232745c772e64ed66f7b4b307894707be737
test,crack,1,/content/drive/MyDrive/bottlecrackml/test/crack/f75bead3-bottle_20260921_014305_cam2_roi.png,59789639f70702702d52fc8ed8959fa46e521a95bf2c2e513c8b5f2bb6d87b4e
test,crack,1,/content/drive/MyDrive/bottlecrackml/test/crack/fa100a39-bottle_20260921_014406_cam1_roi.png,067772ad813788c59e58d817f22042f3b57969d7db5bdd5d820f35a2f789d948
test,crack,1,/content/drive/MyDrive/bottlecrackml/test/crack/fa7e220e-bottle_20260921_014507_cam1_roi.png,14980ea50315da9d7e78baf79c3d5597e869db38afaf5ee7260dc621c3214404
test,crack,1,/content/drive/MyDrive/bottlecrackml/test/crack/ff90e2b3-bottle_20260921_014447_cam2_roi.png,b15aa5089c78ffd709dddcc9699e0f0c596f9872d9dde24e11a78948e63ed655
